Product ID,Title,URL
online:en:IE:80562,DEWDT1945QZ Portable Construction Circular Saw Blade 190 x 30mm x 40T,https://www.kennyfuels.ie/product/dewdt1945qz-portable-construction-circular-saw-blade-190-x-30mm-x-40t/
online:en:IE:78995,Tarmac Rake,https://www.kennyfuels.ie/product/tarmac-rake/
online:en:IE:78822,Bent Internal Circlip Pliers 175mm (7in),https://www.kennyfuels.ie/product/bent-internal-circlip-pliers-175mm-7in/
online:en:IE:78733,Folding Utility Knife with 5 Blades,https://www.kennyfuels.ie/product/folding-utility-knife-with-5-blades/
online:en:IE:81155,TAL69996 Professional Polyurethane Float 360 x 150mm (14 x 6in),https://www.kennyfuels.ie/product/tal69996-professional-polyurethane-float-360-x-150mm-14-x-6in/
online:en:IE:78644,TALAtools Strike-Cap Pozidriv PZ2 Screwdriver,https://www.kennyfuels.ie/product/talatools-strike-cap-pozidriv-screwdriver/
online:en:IE:45583,Kiln Dried Hornbeam Tonne Bag,https://www.kennyfuels.ie/product/kiln-dried-hornbeam-tonne-bag/
online:en:IE:78649,TALAtools Strike-Cap Phillips Screwdriver PH2,https://www.kennyfuels.ie/product/talatools-strike-cap-phillips-screwdriver-ph2/
online:en:IE:78812,Junior Hacksaw 150mm (6in),https://www.kennyfuels.ie/product/junior-hacksaw-150mm-6in/
online:en:IE:74018,Heavy-Duty Fencing Pins 10 x 1300mm/52in (Pack 5),https://www.kennyfuels.ie/product/heavy-duty-fencing-pins-52in/
online:en:IE:79065,Fibreglass Handle Pick 3.17kg (7lb),https://www.kennyfuels.ie/product/fibreglass-handle-pick-3-17kg-7lb/
online:en:IE:80731,"DEWDT70702QZ DT70702 Screwdriving Set, 40 Piece",https://www.kennyfuels.ie/product/dewdt70702qz-dt70702-screwdriving-set-40-piece/
online:en:IE:46476,14KG Gaslight Forklift ( Collection Only) - 1,https://www.kennyfuels.ie/product/14kg-gaslight-for-forklift-collection-only/?attribute_collection-only=1
online:en:IE:78816,Junior Hacksaw Blades 150mm (6in) (Pack 10),https://www.kennyfuels.ie/product/junior-hacksaw-blades-150mm-6in-pack-10/
online:en:IE:79857,FAIPLUG16MM FAITHFULL PLUG CUTTER 16MM,https://www.kennyfuels.ie/product/plug-cutter-16mm/
online:en:IE:80369,"BAHADJ3 Adjustable Wrench Set (8070/71/72), 3 Piece",https://www.kennyfuels.ie/product/bahadj3-adjustable-wrench-set-8070-71-72-3-piece/
online:en:IE:48107,Easy Gas Brew 5050 10L - With an Empty Cylinder,https://www.kennyfuels.ie/product/easy-gas-brew-5050-10l/?attribute_cylinder-to-return=With+an+Empty+Cylinder
online:en:IE:80613,"DEWDT4593QZ DT4593 Self-Feed Forstner Bit Set, 8 Piece",https://www.kennyfuels.ie/product/dewdt4593qz-dt4593-self-feed-forstner-bit-set-8-piece/
online:en:IE:90224,STB80ASDSSET STABILA LIMITED EDITION DARK SHADOWS Spirit Level Set,https://www.kennyfuels.ie/product/stabila-limited-edition-dark-shadows-level-set/
online:en:IE:50218,O'Brien All Purpose Cement 25kg - 80,https://www.kennyfuels.ie/product/obrien-all-purpose-cement-25kg/?attribute_quantity=80
online:en:IE:79189,Diagonal Cutter 175mm (7in),https://www.kennyfuels.ie/product/diagonal-cutter-175mm-7in/
online:en:IE:79886,Sabre Saw Blade Metal 150mm 10 TPI (Pack of 5),https://www.kennyfuels.ie/product/sabre-saw-blade-metal-150mm-10-tpi-pack-of-5/
online:en:IE:80088,DHT058018 DEWALT NAIL PUNCH 3 PC SET,https://www.kennyfuels.ie/product/bi-material-nail-punch-set-3-piece/
online:en:IE:80460,EINPXTWIN2 Einhell Power-X-Change Combi & Impact Driver Twin Pack,https://www.kennyfuels.ie/product/einhell-power-x-change-combi-impact-driver-twin-pack/
online:en:IE:80602,DEWDT2307LQZ 2X Life Wood & Nail Reciprocating Blade 228mm x 6 TPI (Pack 5),https://www.kennyfuels.ie/product/dewdt2307lqz-2x-life-wood-nail-reciprocating-blade-228mm-x-6-tpi-pack-5/
online:en:IE:80152,DHT014674 DEWALT ERGO AVIATION SNIP - RIGHT,https://www.kennyfuels.ie/product/right-cut-ergo-aviation-snips/
online:en:IE:79038,"Monobloc Tap Backnut Spanner Set, 2 Piece",https://www.kennyfuels.ie/product/monobloc-tap-backnut-spanner-set-2-piece/
online:en:IE:80841,FAIZ15024C TCT Cordless Trimsaw Blade 150 x 10mm x 24T POS,https://www.kennyfuels.ie/product/faiz15024c-tct-cordless-trimsaw-blade-150-x-10mm-x-24t-pos/
online:en:IE:80569,DEWDT1964QZ DT1964 Construction Circular Saw Blade 3 Pack 305 x 30mm x 24T/48T/60T,https://www.kennyfuels.ie/product/dewdt1964qz-dt1964-construction-circular-saw-blade-3-pack-305-x-30mm-x-24t-48t-60t/
online:en:IE:80364,BAH8071 8071 Black Adjustable Wrench 200mm (8in),https://www.kennyfuels.ie/product/bah8071-8071-black-adjustable-wrench-200mm-8in/
online:en:IE:80739,DEWDT7512QZ DT7512 1/4in Hex to 1/2in Drive Impact Adaptor,https://www.kennyfuels.ie/product/dewdt7512qz-dt7512-1-4in-hex-to-1-2in-drive-impact-adaptor/
online:en:IE:74010,Sharp-Edge Soil Rake,https://www.kennyfuels.ie/product/sharp-edge-soil-rake/
online:en:IE:114884,Foran Friska Foal 250ml & 500ml - 500ml,https://www.kennyfuels.ie/product/friska-foal-foran/?attribute_volume=500ml
online:en:IE:78758,TA69906 Chainsaw File 7/32in,https://www.kennyfuels.ie/product/ta69906-chainsaw-file-7-32in/
online:en:IE:90276,DWS960104 DWST60104 McLaren Tool Bag,https://www.kennyfuels.ie/product/dws960104-dwst60104-mclaren-tool-bag/
online:en:IE:80615,"DEWDT5921QZ DT5921 Extreme Metal Drill Bit Set, 10 Piece",https://www.kennyfuels.ie/product/dewdt5921qz-dt5921-extreme-metal-drill-bit-set-10-piece/
online:en:IE:80604,DEWDT2345QZ Bi-Metal General Purpose Reciprocating Blade 152mm x 10 TPI (Pack 5),https://www.kennyfuels.ie/product/dewdt2345qz-bi-metal-general-purpose-reciprocating-blade-152mm-x-10-tpi-pack-5/
online:en:IE:78774,Spring Clamp 75mm (3in) (Pack 4),https://www.kennyfuels.ie/product/spring-clamp-75mm-3in-pack-4/
online:en:IE:79837,FAITPA32 - Faithful Tri-Point Speed Auger Bit 32mm,https://www.kennyfuels.ie/product/tri-point-speed-auger-bit-32mm/
online:en:IE:79026,Junior Hacksaw Blades 150mm (6in) (Pack 10),https://www.kennyfuels.ie/product/junior-hacksaw-blades-150mm-6in-pack-10-2/
online:en:IE:72767,AdBlue 10L (Nationwide on Barrels & IBC) - 32,https://www.kennyfuels.ie/product/adblue-10l-barrels-ibc/?attribute_quantity=32
online:en:IE:69142,0900R Compact R Tank Superblack Potable,https://www.kennyfuels.ie/product/0900r-compact-r-tank-superblack-potable/
online:en:IE:80342,"BAHS160 S160 1/4in Drive Socket Set, 16 Piece",https://www.kennyfuels.ie/product/bahs160-s160-1-4in-drive-socket-set-16-piece/
online:en:IE:80077,DHT014675 DEWALT ERGO AVIATION SNIP - STRAIGHT,https://www.kennyfuels.ie/product/straight-cut-ergo-aviation-snips/
online:en:IE:79125,TAL69413 Tala 4ft Irish Ash Handled Pattern Shovel,https://www.kennyfuels.ie/product/irish-pattern-shovel-ash-handled-1-35m-4ft-6in/
online:en:IE:80021,DHT536915 DEWALT TOUGH TAPE 5M/16,https://www.kennyfuels.ie/product/toughseries-tape-measure-5m-16ft-width-32mm/
online:en:IE:84078,Flo Gas 47kg Propane Gas (Delivered) - 3x deposit if no empties,https://www.kennyfuels.ie/product/flo-gas-47kg-propane-gas-delivered/?attribute_quantity=3x+deposit+if+no+empties
online:en:IE:80066,DHT046032 DEWALT 12IN SQUARE,https://www.kennyfuels.ie/product/rafter-layout-square-12in/
online:en:IE:33486,50L AdBlue Portable Tank,https://www.kennyfuels.ie/product/50l-adblue-tank/
online:en:IE:33572,Feedwell Sport 15kg,https://www.kennyfuels.ie/product/feedwell-sport-15kg/
online:en:IE:74356,Plusvital Carron Oil 5L & 20L - 5L,https://www.kennyfuels.ie/product/plusvital-carron-oil/?attribute_size=5L
online:en:IE:70737,Castrol Edge Titanium 5w30 LL 20L,https://www.kennyfuels.ie/product/castrol-edge-titanium-5w30-ll-20l/
online:en:IE:80764,FAIMFKIT10 Multi-Function Tool Mixed Blade Set 10 Piece,https://www.kennyfuels.ie/product/faimfkit10-multi-function-tool-mixed-blade-set-10-piece/
online:en:IE:80754,FAIWDB100 Lip & Spur Wood Drill Bit 10mm,https://www.kennyfuels.ie/product/faiwdb100-lip-spur-wood-drill-bit-10mm/
online:en:IE:90283,DEWDCK266P2 DCK266P2 XR Brushless Twin Pack 18V 2 x 5.0Ah Li-ion,https://www.kennyfuels.ie/product/dewdck266p2-dck266p2-xr-brushless-twin-pack-18v-2-x-5-0ah-li-ion/
online:en:IE:72751,Adblue 20L Drum (Nationwide on Barrels & IBC) - 10,https://www.kennyfuels.ie/product/adblue-20l-drum-nationwide-on-barrels-ibc/?attribute_quantity=10
online:en:IE:78829,"Spring Calipers and Divider Set, 3 Piece",https://www.kennyfuels.ie/product/spring-calipers-and-divider-set-3-piece/
online:en:IE:80828,SCAFWDESVI10 Desert Viper S3 Safety Boots UK 10 EUR 45,https://www.kennyfuels.ie/product/scafwdesvi10-desert-viper-s3-safety-boots-uk-10-eur-45/
online:en:IE:44993,Gem Pin & Brush Grease,https://www.kennyfuels.ie/product/gem-pin-brush-grease/
online:en:IE:80457,"BAH47810 250mm (10in) ERGO Engineering File Set, 5 Piece",https://www.kennyfuels.ie/product/bah47810-250mm-10in-ergo-engineering-file-set-5-piece/
online:en:IE:80609,DEWDT2353QZ Bi-Metal Reciprocating Blade for Metal 203mm x 14 TPI (Pack 5),https://www.kennyfuels.ie/product/dewdt2353qz-bi-metal-reciprocating-blade-for-metal-203mm-x-14-tpi-pack-5/
online:en:IE:113241,Calm + 2.5L Equine Products Ireland,https://www.kennyfuels.ie/product/calm-2-5l-equine-products-ireland/
online:en:IE:80158,FatMax PRO-STACK Deep Box,https://www.kennyfuels.ie/product/fatmax-pro-stack-deep-box/
online:en:IE:78664,Aviation Tin Snips Straight Cut 250mm (10in),https://www.kennyfuels.ie/product/aviation-tin-snips-straight-cut-250mm-10in/
online:en:IE:79117,Bi-Material Wood Chisel 12mm,https://www.kennyfuels.ie/product/bi-material-wood-chisel-12mm/
online:en:IE:48086,Easy Gas Argon 10L - Without an Empty Cylinder,https://www.kennyfuels.ie/product/easy-gas-argon-10l/?attribute_cylinder-to-return=Without+an+Empty+Cylinder
online:en:IE:80839,"FAIHKSTRIPLE Metric, Imperial & TORX Folding Hexagonal Key Set, 25 Piece",https://www.kennyfuels.ie/product/faihkstriple-metric-imperial-torx-folding-hexagonal-key-set-25-piece/
online:en:IE:90234,MAKDJR186Z MAKITA RECIPROCATING SAW 18V BARE UNIT,https://www.kennyfuels.ie/product/makdjr186z-makita-reciprocating-saw-18v-bare-unit/
online:en:IE:89624,FAIAUJL16MM Faithful Jump Leads 3m x 16mm with Storage Bag,https://www.kennyfuels.ie/product/faithful-jump-leads-3m-x-16mm-with-storage-bag/
online:en:IE:78698,"Precision Screwdriver Set, 7 Piece",https://www.kennyfuels.ie/product/precision-screwdriver-set-7-piece/
online:en:IE:100273,TM200 Truckmaster - With Flowmeter,https://www.kennyfuels.ie/product/tm200-truckmaster/?attribute_flowmeter=With+Flowmeter
online:en:IE:89616,DEWDCK694P3 DEWALT DCK694P3 Brushless 3 Speed 6 Piece Kit,https://www.kennyfuels.ie/product/dewalt-dck694p3-brushless-3-speed-6-piece-kit/
online:en:IE:80019,End Cutting Nipper 200mm,https://www.kennyfuels.ie/product/end-cutting-nipper-200mm/
online:en:IE:80827,SCAFWDESVI9 Desert Viper S3 Safety Boots UK 9 EUR 43,https://www.kennyfuels.ie/product/scafwdesvi9-desert-viper-s3-safety-boots-uk-9-eur-43/
online:en:IE:79589,FAIRB227 - Faithfull Router Bit TCT Two Flute 15.0 x 25mm,https://www.kennyfuels.ie/product/router-bit-tct-two-flute-15-0-x-25mm-1-4in-shank/
online:en:IE:74179,GORILLA Sharp-Edge Round Micro Shovel,https://www.kennyfuels.ie/product/gorilla-sharp-edge-round-micro-shovel/
online:en:IE:72769,AdBlue 10L (Nationwide on Barrels & IBC) - 20,https://www.kennyfuels.ie/product/adblue-10l-barrels-ibc/?attribute_quantity=20
online:en:IE:79207,Gorilla Bar 610mm (24in),https://www.kennyfuels.ie/product/gorilla-bar-610mm-24in/
online:en:IE:81082,FAIZ1804030 TCT Circular Saw Blade 180 x 30mm x 40T POS,https://www.kennyfuels.ie/product/faiz1804030-tct-circular-saw-blade-180-x-30mm-x-40t-pos/
online:en:IE:80485,DEWDT10303QZ ELITE Series 2nd Fix Circular Saw Blade 184 x 16mm x 40T,https://www.kennyfuels.ie/product/dewdt10303qz-elite-series-2nd-fix-circular-saw-blade-184-x-16mm-x-40t/
online:en:IE:78696,Magnetic Nut Driver 8mm,https://www.kennyfuels.ie/product/magnetic-nut-driver-8mm/
online:en:IE:74355,Plusvital Carron Oil 5L & 20L - 20L With Dispensing pump,https://www.kennyfuels.ie/product/plusvital-carron-oil/?attribute_size=20L+With+Dispensing+pump
online:en:IE:90205,EINGELC3635N GP-LC 36/35 Li-Solo Power X-Change Chainsaw 36V (2x18V) Bare Unit,https://www.kennyfuels.ie/product/einhell-gp-lc-36-35-power-x-change-chainsaw-bare-unit/
online:en:IE:81143,TAL69380 Plastering Trowel 11 x 4.3/4in,https://www.kennyfuels.ie/product/tal69380-plastering-trowel-11-x-4-3-4in/
online:en:IE:48108,Easy Gas Brew 5050 10L - Without an Empty Cylinder,https://www.kennyfuels.ie/product/easy-gas-brew-5050-10l/?attribute_cylinder-to-return=Without+an+Empty+Cylinder
online:en:IE:65339,Flo Gas 47kg Propane Gas (Delivered),https://www.kennyfuels.ie/product/flo-gas-47kg-propane-gas-delivered/
online:en:IE:78746,Pro End Cutting Pliers 150mm (6in),https://www.kennyfuels.ie/product/pro-end-cutting-pliers-150mm-6in/
online:en:IE:80353,"BAHSL25L SL25L 1/4in Deep Drive Socket Set, 37 Piece",https://www.kennyfuels.ie/product/bahsl25l-sl25l-1-4in-deep-drive-socket-set-37-piece/
online:en:IE:80368,BAH8074 8074 Black Adjustable Wrench 380mm (15in),https://www.kennyfuels.ie/product/bah8074-8074-black-adjustable-wrench-380mm-15in/
online:en:IE:47912,Cemcor Cement 25KG Bags - 10,https://www.kennyfuels.ie/product/obrien-cement-25kg/?attribute_quantity=10
online:en:IE:80083,DHT051002 DEWALT CURVE-CLAW HAMMER ONE PIECE - 16OZ 454G,https://www.kennyfuels.ie/product/curve-claw-smooth-face-hammer-454g-16oz/
online:en:IE:50216,O'Brien All Purpose Cement 25kg - 40,https://www.kennyfuels.ie/product/obrien-all-purpose-cement-25kg/?attribute_quantity=40
online:en:IE:100246,Tonne Bag Rustic Red Wood Chippings,https://www.kennyfuels.ie/product/tonne-bag-rustic-red-bark-mulch/
online:en:IE:80473,EINGCDP7835 Einhell GC-DP 7835 Dirty Water Pump,https://www.kennyfuels.ie/product/einhell-gc-dp-7835-dirty-water-pump/
online:en:IE:81124,BAH24422N 244-22-U7/8-HP Hardpoint Handsaw 550mm (22in) 7 TPI,https://www.kennyfuels.ie/product/bah24422n-244-22-u7-8-hp-hardpoint-handsaw-550mm-22in-7-tpi/
online:en:IE:73676,Electro + 2kg Equine Products Ireland,https://www.kennyfuels.ie/product/electro-2kg/
online:en:IE:74042,Sharp Edge Round Shovel,https://www.kennyfuels.ie/product/sharp-edge-round-shovel/
online:en:IE:79046,Radiator Bleed Keys (Pack 2),https://www.kennyfuels.ie/product/radiator-bleed-keys-pack-2/
online:en:IE:48134,Easy Gas Argon 20L - With an Empty Cylinder,https://www.kennyfuels.ie/product/easy-gas-argon-20l/?attribute_cylinder-to-return=With+an+Empty+Cylinder
online:en:IE:79003,Heavy-Duty Cable Reel 110V 25m 2-Socket,https://www.kennyfuels.ie/product/heavy-duty-cable-reel-110v-25m-2-socket/
online:en:IE:79611,FAIRB29 - Faithfull Router Bit TCT Two Flute 10.0mm x 35mm,https://www.kennyfuels.ie/product/router-bit-tct-two-flute-10-0-x-35mm-1-2in-shank/
online:en:IE:78776,Professional Handi Clamp 150mm (6in),https://www.kennyfuels.ie/product/professional-handi-clamp-150mm-6in/
online:en:IE:79853,FAIPLUG10 FAITHFULL PLUG CUTTER NO.10,https://www.kennyfuels.ie/product/plug-cutter-no-10/
online:en:IE:79624,FAIRB111 - Faithfull Router Bit TCT 9.5mm OVOLO Round Over,https://www.kennyfuels.ie/product/router-bit-tct-9-5mm-rounding-over-1-4in-shank/
online:en:IE:80029,DHT536926 DEWALT TOUGH TAPE 8M/26,https://www.kennyfuels.ie/product/toughseries-tape-measure-8m-26ft-width-32mm/
online:en:IE:80170,FatMax PRO-STACK Soft Open Tote,https://www.kennyfuels.ie/product/fatmax-pro-stack-soft-open-tote/
online:en:IE:48140,Easy Gas Enermix 5 20L - With an Empty Cylinder,https://www.kennyfuels.ie/product/easy-gas-enermix-5-20l/?attribute_cylinder-to-return=With+an+Empty+Cylinder
online:en:IE:80360,"BAHS4RM3T S4RM Series Reversible Ratchet Spanner Set, 3 Piece",https://www.kennyfuels.ie/product/bahs4rm3t-s4rm-series-reversible-ratchet-spanner-set-3-piece/
online:en:IE:78810,Hacksaw 300mm (12in),https://www.kennyfuels.ie/product/hacksaw-300mm-12in/
online:en:IE:114879,Foran PRE-FUEL Triple Pack | Energy Gel for Horses,https://www.kennyfuels.ie/product/pre-fuel-triple-pack-foran/
online:en:IE:79221,Utility Bar 380mm (15in),https://www.kennyfuels.ie/product/utility-bar-380mm-15in/
online:en:IE:79843,Combination Wood Auger Bit 10 x 200mm,https://www.kennyfuels.ie/product/combination-wood-auger-bit-10-x-200mm/
online:en:IE:80596,DEWDT2209QZ XPC HCS Wood Jigsaw Blades Pack of 5 T101D,https://www.kennyfuels.ie/product/dewdt2209qz-xpc-hcs-wood-jigsaw-blades-pack-of-5-t101d/
online:en:IE:78989,"Claw Hammer, Wooden Handle 450g (16oz)",https://www.kennyfuels.ie/product/claw-hammer-wooden-handle-450g-16oz/
online:en:IE:79213,Wrecking Bar 450mm (18in),https://www.kennyfuels.ie/product/wrecking-bar-450mm-18in/
online:en:IE:79865,Screwsink No.12,https://www.kennyfuels.ie/product/screwsink-no-12/
online:en:IE:49575,Box of 500G Rockman HD XHP 260 Blue Grease,https://www.kennyfuels.ie/product/500g-rockman-hd-xhp-260-blue-grease/
online:en:IE:79109,Retractable Blade Utility Knife,https://www.kennyfuels.ie/product/retractable-blade-utility-knife/
online:en:IE:79575,M18 BSX-0 Heavy-Duty SAWZALL 18V Bare Unit,https://www.kennyfuels.ie/product/m18-bsx-0-heavy-duty-sawzall-18v-bare-unit/
online:en:IE:80483,DEWDT10302QZ ELITE Series Framing Circular Saw Blade 184 x 16mm x 24T,https://www.kennyfuels.ie/product/dewdt10302qz-elite-series-framing-circular-saw-blade-184-x-16mm-x-24t/
online:en:IE:79101,100-500V Large Professional Phase Tester 190mm,https://www.kennyfuels.ie/product/100-500v-large-professional-phase-tester-190mm/
online:en:IE:79250,Fence Post Shaper 75mm,https://www.kennyfuels.ie/product/fence-post-shaper-75mm/
online:en:IE:79689,FAIMFW68 Faithfull 68mm Flush Cut Wood Blade Side Set,https://www.kennyfuels.ie/product/multi-function-tool-crv-flush-cut-wood-blade-side-set-68mm/
online:en:IE:79668,FAIJBT118B FAITHFULL JIGSAW BLADES (5) METAL T118B,https://www.kennyfuels.ie/product/metal-cutting-jigsaw-blades-pack-of-5/
online:en:IE:90213,KET257189N KETER Pro Gear 28in Mobile JobBox,https://www.kennyfuels.ie/product/keter-pro-gear-28in-mobile-jobbox/
online:en:IE:80580,DEWDT2057QZ HCS Progressor Tooth Jigsaw Blades Pack of 5 T234X,https://www.kennyfuels.ie/product/dewdt2057qz-hcs-progressor-tooth-jigsaw-blades-pack-of-5-t234x/
online:en:IE:79617,FAIRB41- Faithfull Router Bit TCT Round Over 15.8mm x 9.5mm,https://www.kennyfuels.ie/product/router-bit-tct-rounding-over-15-8mm-x-9-5mm-1-4in-shank/
online:en:IE:73998,"Mini Shovel, Round Point",https://www.kennyfuels.ie/product/mini-shovel-round-point/
online:en:IE:100043,Gastro Prep 20kg Equine Products Ireland,https://www.kennyfuels.ie/product/gastro-prep-20kg-copy/
online:en:IE:80357,"BAH111MSET12 Chrome Polished Combination Spanner Set, 12 Piece",https://www.kennyfuels.ie/product/bah111mset12-chrome-polished-combination-spanner-set-12-piece/
online:en:IE:79661,FAIJBT101DP FAITHFULL JIGSAW BLADES (5) WOOD T101DP,https://www.kennyfuels.ie/product/wood-jigsaw-blades-pack-of-5-2/
online:en:IE:79111,Metal Pole Sander 225 x 82mm (9 x 3.1/4in),https://www.kennyfuels.ie/product/metal-pole-sander-225-x-82mm-9-x-3-1-4in/
online:en:IE:80600,DEWDT2290 HCS Wood Jigsaw Blades Variety Pack of 10,https://www.kennyfuels.ie/product/dewdt2290-hcs-wood-jigsaw-blades-variety-pack-of-10/
online:en:IE:78820,Straight External Circlip Pliers 175mm (7in),https://www.kennyfuels.ie/product/straight-external-circlip-pliers-175mm-7in/
online:en:IE:81165,TAL43605 Flexible Petrol Can Nozzle,https://www.kennyfuels.ie/product/tal43605-flexible-petrol-can-nozzle/
online:en:IE:109438,Plusvital Neutragast Pellets 1.5kg,https://www.kennyfuels.ie/product/plusvital-neutragast-pellets-1-5kg/
online:en:IE:80168,FatMax PRO-STACK Clipboard,https://www.kennyfuels.ie/product/fatmax-pro-stack-clipboard/
online:en:IE:33349,Castrol CRB 15w/40 208 LTR,https://www.kennyfuels.ie/product/castrol-crb-15w-40-208-ltr/
online:en:IE:79848,Combination Wood Auger Bit 25 x 200mm,https://www.kennyfuels.ie/product/combination-wood-auger-bit-25-x-200mm/
online:en:IE:79569,M12 BI Sub-Compact Inflator 12V Bare Unit,https://www.kennyfuels.ie/product/m12-bi-sub-compact-inflator-12v-bare-unit/
online:en:IE:74097,Omega Oil 5L Equine Products Ireland - 1x drum,https://www.kennyfuels.ie/product/omega-oil-5l/?attribute_quantity=1x+drum
online:en:IE:47980,Bloom & Grow Multi Purpose Compost 56lt - 3,https://www.kennyfuels.ie/product/bloom-grow-multi-purpose-compost-56lt/?attribute_quantity=3
online:en:IE:73305,Tonne Bag Peat Free Compost,https://www.kennyfuels.ie/product/tonne-bag-peat-free-compost/
online:en:IE:69171,9000V Vertical Tank Superblack Potable,https://www.kennyfuels.ie/product/9000v-vertical-tank-superblack-potable/
online:en:IE:79016,Big Blade Floor Scraper 300mm,https://www.kennyfuels.ie/product/big-blade-floor-scraper-300mm/
online:en:IE:79127,10RC Straight Jaw Locking Pliers 254mm (10in),https://www.kennyfuels.ie/product/10rc-straight-jaw-locking-pliers-254mm-10in/
online:en:IE:81099,FAIZ25460 TCT Circular Saw Blade 254 x 30mm x 60T POS,https://www.kennyfuels.ie/product/faiz25460-tct-circular-saw-blade-254-x-30mm-x-60t-pos/
online:en:IE:80064,DHT046031 DEWALT 7IN SQUARE,https://www.kennyfuels.ie/product/rafter-layout-square-7in/
online:en:IE:81151,TAL50357 Gauging Trowel 7in,https://www.kennyfuels.ie/product/tal50357-gauging-trowel-7in/
online:en:IE:79654,FAIJBT101B FAITHFULL JIGSAW BLADES (5) WOOD T101B,https://www.kennyfuels.ie/product/wood-jigsaw-blades-pack-of-5-t101b/
online:en:IE:78993,Spring Tin Snips 250mm (10in),https://www.kennyfuels.ie/product/spring-tin-snips-250mm-10in/
online:en:IE:80382,BAH812012 Swivel Head Ratchet 1/2in Drive,https://www.kennyfuels.ie/product/bah812012-swivel-head-ratchet-1-2in-drive/
online:en:IE:73990,"Square Shovel, Long Handle",https://www.kennyfuels.ie/product/square-shovel-long-handle/
online:en:IE:78818,Automatic PVC Pipe Cutter 42mm,https://www.kennyfuels.ie/product/automatic-pvc-pipe-cutter-42mm/
online:en:IE:89618,DEWDCS691X2 DCS691X2 XR FlexVolt Cut Off Saw 230mm 54V 2 x 9.0Ah Li-ion,https://www.kennyfuels.ie/product/dcs691x2-xr-flexvolt-cut-off-saw-230mm-54v/
online:en:IE:80822,SCAFWVIPER11 Viper SBP Safety Boots UK 11 EUR 46,https://www.kennyfuels.ie/product/scafwviper11-viper-sbp-safety-boots-uk-11-eur-46/
online:en:IE:80735,"DEWDT70751QZ DT70751 Extreme Flat Bit Set, 9 Piece",https://www.kennyfuels.ie/product/dewdt70751qz-dt70751-extreme-flat-bit-set-9-piece/
online:en:IE:79139,High Leverage Combination Pliers 200mm (8in),https://www.kennyfuels.ie/product/high-leverage-combination-pliers-200mm-8in/
online:en:IE:80068,DHT010261 DEWALT FOLDING LOCKING RETRACTABLE KNIFE,https://www.kennyfuels.ie/product/folding-retractable-auto-load-utility-knife/
online:en:IE:33530,Q8 T2200 Back End 10W-30 (20ltr),https://www.kennyfuels.ie/product/q8-t2200-back-end-10w30-20ltr/
online:en:IE:79211,Gorilla Bar 1.2m (48in),https://www.kennyfuels.ie/product/gorilla-bar-1-2m-48in/
online:en:IE:74031,THE BIG MUTT PRO Multipurpose Demolition Scraper - Fibreglass,https://www.kennyfuels.ie/product/the-big-mutt-pro-multipurpose-demolition-scraper-fibreglass/
online:en:IE:79246,Heavy-Duty Scrub Brush Soft Grip 200mm (8in) NO Handle,https://www.kennyfuels.ie/product/heavy-duty-scrub-brush-soft-grip-200mm-8in-no-handle/
online:en:IE:90307,DEWDCL050 DCL050 XR LED Work Light 18V Bare Unit,https://www.kennyfuels.ie/product/dewdcl050-dcl050-xr-led-work-light-18v-bare-unit/
online:en:IE:79108,691 Aluminium Level 120cm,https://www.kennyfuels.ie/product/691-aluminium-level-120cm/
online:en:IE:79691,FAIMFW68G Faithfull 68mm Flush Fast Cut Wood Ground Set,https://www.kennyfuels.ie/product/multi-function-tool-crv-flush-fast-cut-wood-ground-side-set-68mm/
online:en:IE:79198,Quick-Change Medium-Duty Bar Clamp 300mm (12in),https://www.kennyfuels.ie/product/quick-change-medium-duty-bar-clamp-300mm-12in/
online:en:IE:46477,14KG Gaslight Forklift ( Collection Only) - 2,https://www.kennyfuels.ie/product/14kg-gaslight-for-forklift-collection-only/?attribute_collection-only=2
online:en:IE:79595,FAIRB215 - Faithfull Router Bit TCT Two Flute 19.0 x 25mm,https://www.kennyfuels.ie/product/router-bit-tct-two-flute-19-0-x-25mm-1-4in-shank/
online:en:IE:78737,Pro Combination Pliers 200mm (8in),https://www.kennyfuels.ie/product/pro-combination-pliers-200mm-8in/
online:en:IE:78808,Heavy-Duty Aluminium Rafter Square 175mm (7in),https://www.kennyfuels.ie/product/heavy-duty-aluminium-rafter-square-175mm-7in/
online:en:IE:90255,STA181337 Essential Metal Sawhorses (Twin Pack),https://www.kennyfuels.ie/product/sta181337-essential-metal-sawhorses-twin-pack/
online:en:IE:80349,BAHSB111M19 SB111 Combination Spanner 19mm,https://www.kennyfuels.ie/product/bahsb111m19-sb111-combination-spanner-19mm/
online:en:IE:48141,Easy Gas Enermix 5 20L - Without an Empty Cylinder,https://www.kennyfuels.ie/product/easy-gas-enermix-5-20l/?attribute_cylinder-to-return=Without+an+Empty+Cylinder
online:en:IE:74354,Plusvital Carron Oil 5L & 20L - 20L,https://www.kennyfuels.ie/product/plusvital-carron-oil/?attribute_size=20L
online:en:IE:79884,Sabre Saw Blade Metal 150mm 18 TPI (Pack of 5),https://www.kennyfuels.ie/product/79884/
online:en:IE:79114,Bi-Material Wood Chisel 6mm,https://www.kennyfuels.ie/product/bi-material-wood-chisel-6mm/
online:en:IE:45232,Multi Store Bunker & Chemical Bund Store,https://www.kennyfuels.ie/product/multi-store-bunker-chemical-bund-store/
online:en:IE:80107,M18 BOS125-0 Random Orbital Sander 18V Bare Unit,https://www.kennyfuels.ie/product/m18-bos125-0-random-orbital-sander-18v-bare-unit-2/
online:en:IE:114887,Foran Eazi-Wrap | Vet Wrap Equine Bandage box of 18 - Black,https://www.kennyfuels.ie/product/foran-eazi-wrap/?attribute_box-of-18=Black
online:en:IE:79252,Fence Post Shaper 100mm,https://www.kennyfuels.ie/product/fence-post-shaper-100mm/
online:en:IE:48145,Easy Gas Enermix 15 20L - Without an Empty Cylinder,https://www.kennyfuels.ie/product/easy-gas-enermix-15-20l/?attribute_cylinder-to-return=Without+an+Empty+Cylinder
online:en:IE:72753,Adblue 20L Drum (Nationwide on Barrels & IBC) - 32,https://www.kennyfuels.ie/product/adblue-20l-drum-nationwide-on-barrels-ibc/?attribute_quantity=32
online:en:IE:80590,DEWDT2160QZ HSS Metal Cutting Jigsaw Blades Pack of 5 T118A,https://www.kennyfuels.ie/product/dewdt2160qz-hss-metal-cutting-jigsaw-blades-pack-of-5-t118a/
online:en:IE:81172,TAL14002 Felling Axe Hickory Handle 2.0kg (4.5lb),https://www.kennyfuels.ie/product/tal14002-felling-axe-hickory-handle-2-0kg-4-5lb/
online:en:IE:80825,SCAFWDESVI8 Desert Viper S3 Safety Boots UK 8 EUR 42,https://www.kennyfuels.ie/product/scafwdesvi8-desert-viper-s3-safety-boots-uk-8-eur-42/
online:en:IE:79201,11SP Locking C-Clamp Swivel Pad 275mm (11in),https://www.kennyfuels.ie/product/11sp-locking-c-clamp-swivel-pad-275mm-11in/
online:en:IE:79205,Gorilla Bar Junior 356mm (14in),https://www.kennyfuels.ie/product/gorilla-bar-junior-356mm-14in/
online:en:IE:78756,Pro Fencing Pliers 250mm (10in),https://www.kennyfuels.ie/product/pro-fencing-pliers-250mm-10in/
online:en:IE:79593,FAIRB23 - Faithfull Router Bit TCT Two Flute 6.0 x 16mm,https://www.kennyfuels.ie/product/router-bit-tct-two-flute-6-0-x-16mm-1-4in-shank/
online:en:IE:73664,Cal + 4.5kg Equine Products Ireland,https://www.kennyfuels.ie/product/cal-4-5kg-calcium-horses-equine-supplement-mares-foals-yearlings/
online:en:IE:73651,Calm Equine 2kg Equine Products Ireland,https://www.kennyfuels.ie/product/calm-equine-2kg/
online:en:IE:80843,FAIZ16024 TCT Circular Saw Blade 160 x 30mm x 24T POS,https://www.kennyfuels.ie/product/faiz16024-tct-circular-saw-blade-160-x-30mm-x-24t-pos/
online:en:IE:80180,"S330 3/8in Drive Socket Set, 34 Piece",https://www.kennyfuels.ie/product/s330-3-8in-drive-socket-set-34-piece/
online:en:IE:80592,DEWDT2166QZ HCS Wood Jigsaw Blades Pack of 5 T144D,https://www.kennyfuels.ie/product/dewdt2166qz-hcs-wood-jigsaw-blades-pack-of-5-t144d/
online:en:IE:74098,Omega Oil 5L Equine Products Ireland - 1x Drum & Dispenser,https://www.kennyfuels.ie/product/omega-oil-5l/?attribute_quantity=1x+Drum+%26+Dispenser
online:en:IE:92361,Superser Super Heat Radiant Heater,https://www.kennyfuels.ie/product/superser-super-heat-radiant-heater/
online:en:IE:80367,BAH8073 8073 Black Adjustable Wrench 300mm (12in),https://www.kennyfuels.ie/product/bah8073-8073-black-adjustable-wrench-300mm-12in/
online:en:IE:73661,Copper Xtra 4.5kg Equine Products Ireland,https://www.kennyfuels.ie/product/copper-xtra-4-5kg/
online:en:IE:80013,03 06 200 VDE Combination Pliers 200mm,https://www.kennyfuels.ie/product/03-06-200-vde-combination-pliers-200mm/
online:en:IE:79850,FAIPLUG6 FAITHFULL PLUG CUTTER NO.6,https://www.kennyfuels.ie/product/plug-cutter-no-6/
online:en:IE:80366,BAH8072 8072 Black Adjustable Wrench 250mm (10in),https://www.kennyfuels.ie/product/bah8072-8072-black-adjustable-wrench-250mm-10in/
online:en:IE:79695,FAIMFWM10 Multi-Functional Tool Flush Cut Wood/Bi-Metal Blade 10mm,https://www.kennyfuels.ie/product/multi-functional-tool-flush-cut-wood-bi-metal-blade-10mm/
online:en:IE:84076,Flo Gas 47kg Propane Gas (Delivered) - 1x deposit if no empty,https://www.kennyfuels.ie/product/flo-gas-47kg-propane-gas-delivered/?attribute_quantity=1x+deposit+if+no+empty
online:en:IE:80081,DHT020547 DEWALT 5-IN-1 HACKSAW - 300MM BLADE,https://www.kennyfuels.ie/product/5-in-1-hacksaw-300mm-12in/
online:en:IE:65338,Flo Gas 47kg Propane Gas (Delivered),https://www.kennyfuels.ie/product/flo-gas-47kg-propane-gas-delivered/
online:en:IE:74002,Tarmac Rake 400mm x 1.7m,https://www.kennyfuels.ie/product/tarmac-rake-400mm-x-1-7m/
online:en:IE:74040,Digging Spade,https://www.kennyfuels.ie/product/digging-spade/
online:en:IE:100280,TM300 Truckmaster,https://www.kennyfuels.ie/product/tm300-truckmaster/
online:en:IE:90292,DEWDCG408N DCG408N XR Brushless Paddle Switch Angle Grinder 125mm 18V Bare Unit,https://www.kennyfuels.ie/product/dewdcg408n-dcg408n-xr-brushless-paddle-switch-angle-grinder-125mm-18v-bare-unit/
online:en:IE:48121,Easy Gas Oxygen 20L - With an Empty Cylinder,https://www.kennyfuels.ie/product/easy-gas-oxygen-20l/?attribute_cylinder-to-return=With+an+Empty+Cylinder
online:en:IE:79597,FAIRB26 - Faithfull Router Bit TCT Two Flute 12.0 x 19mm,https://www.kennyfuels.ie/product/router-bit-tct-two-flute-12-0-x-19mm-1-4in-shank/
online:en:IE:79707,FAITPA16 - Faithfull Tri-Point Speed Auger Bit 16mm,https://www.kennyfuels.ie/product/tri-point-speed-auger-bit-16mm/
online:en:IE:79846,FAICA19 FAITHFULL Combination Auger Bit 19MM X 200MM 0/L,https://www.kennyfuels.ie/product/combination-wood-auger-bit-19-x-200mm/
online:en:IE:80033,DHT538113 DEWALT COMPACT TAPE 5M/16,https://www.kennyfuels.ie/product/compact-series-tape-measure-5m-16ft-width-28mm/
online:en:IE:80741,DEWDCF512N DCF512N XR 1/2in Open Head Ratchet 18V Bare Unit,https://www.kennyfuels.ie/product/dewdcf512n-dcf512n-xr-1-2in-open-head-ratchet-18v-bare-unit/
online:en:IE:74231,Slat Cladding Light Grey 2.9m,https://www.kennyfuels.ie/product/co-09-capped-composite-cladding-2-9m/
online:en:IE:33374,Castrol Vecton Long Drain 10w/30 208 LTR - Delivered Nationwide,https://www.kennyfuels.ie/product/castrol-vecton-10w-30-208-ltr/
online:en:IE:78824,Bent External Circlip Pliers 175mm (7in),https://www.kennyfuels.ie/product/bent-external-circlip-pliers-175mm-7in/
online:en:IE:81103,FAIRB229 Router Bit TCT Two Flute 25.4 x 25mm 1/2in Shank,https://www.kennyfuels.ie/product/fairb229-router-bit-tct-two-flute-25-4-x-25mm-1-2in-shank/
online:en:IE:90299,DEWDCD796P1 DCD796P1 XR Brushless Combi Drill 18V 1 x 5.0Ah Li-ion,https://www.kennyfuels.ie/product/dewdcd796p1-dcd796p1-xr-brushless-combi-drill-18v-1-x-5-0ah-li-ion-2/
online:en:IE:78778,G Clamp 100mm (4in),https://www.kennyfuels.ie/product/g-clamp-100mm-4in/
online:en:IE:50214,O'Brien All Purpose Cement 25kg - 10,https://www.kennyfuels.ie/product/obrien-all-purpose-cement-25kg/?attribute_quantity=10
online:en:IE:80176,FatMax PRO-STACK Cart,https://www.kennyfuels.ie/product/fatmax-pro-stack-cart/
online:en:IE:79011,Fibreglass Open Frame Tape 50m/165ft (Width 13mm),https://www.kennyfuels.ie/product/fibreglass-open-frame-tape-50m-165ft-width-13mm/
online:en:IE:80487,DEWDT10304QZ ELITE Series Framing Circular Saw Blade 190 x 30mm x 24T,https://www.kennyfuels.ie/product/dewdt10304qz-elite-series-framing-circular-saw-blade-190-x-30mm-x-24t/
online:en:IE:78770,Spring Clamp 50mm (2in) (Pack 4),https://www.kennyfuels.ie/product/spring-clamp-50mm-2in-pack-4/
online:en:IE:48103,Easy Gas Brew 7030 10L - With an Empty Cylinder,https://www.kennyfuels.ie/product/easy-gas-brew-7030-10l/?attribute_cylinder-to-return=With+an+Empty+Cylinder
online:en:IE:48085,Easy Gas Argon 10L - With an Empty Cylinder,https://www.kennyfuels.ie/product/easy-gas-argon-10l/?attribute_cylinder-to-return=With+an+Empty+Cylinder
online:en:IE:79615,FAIRB27 - Faithfull Router Bit TCT Two Flute 6.3 x 16mm,https://www.kennyfuels.ie/product/router-bit-tct-two-flute-6-3-x-16mm-1-4in-shank/
online:en:IE:50217,O'Brien All Purpose Cement 25kg - 60,https://www.kennyfuels.ie/product/obrien-all-purpose-cement-25kg/?attribute_quantity=60
online:en:IE:79028,Mastic Gun,https://www.kennyfuels.ie/product/mastic-gun/
online:en:IE:80733,"DEWDT70707QZ DT70707 Drill Drive Set, 25 Piece + Mug",https://www.kennyfuels.ie/product/dewdt70707qz-dt70707-drill-drive-set-25-piece-mug/
online:en:IE:72770,AdBlue 10L (Nationwide on Barrels & IBC) - 10,https://www.kennyfuels.ie/product/adblue-10l-barrels-ibc/?attribute_quantity=10
online:en:IE:79701,FAIMFDIA65 Multi-Functional Tool Diamond Boot Ultra Thin Saw Blade 65mm,https://www.kennyfuels.ie/product/multi-functional-tool-diamond-boot-ultra-thin-saw-blade-65mm/
online:en:IE:79099,100-250V Small Professional Phase Tester 145mm,https://www.kennyfuels.ie/product/100-250v-small-professional-phase-tester-145mm/
online:en:IE:79861,Screwsink No. 6,https://www.kennyfuels.ie/product/screwsink-no-6/
online:en:IE:79255,Heavy-Duty Post Rammer 150mm (6in),https://www.kennyfuels.ie/product/heavy-duty-post-rammer-150mm-6in/
online:en:IE:79236,Professional Bolt Cutters 450mm (18in),https://www.kennyfuels.ie/product/professional-bolt-cutters-450mm-18in/
online:en:IE:76378,Copper Stud 5kg Equine Products Ireland,https://www.kennyfuels.ie/product/copper-stud-5kg/
online:en:IE:78738,Pro Side Cutting Pliers 150mm (6in),https://www.kennyfuels.ie/product/pro-side-cutting-pliers-150mm-6in/
online:en:IE:81078,FAIZ1652420C TCT Cordless Trimsaw Blade 165 x 20mm x 24T POS,https://www.kennyfuels.ie/product/faiz1652420c-tct-cordless-trimsaw-blade-165-x-20mm-x-24t-pos/
online:en:IE:79122,Bi-Material Wood Chisel 32mm,https://www.kennyfuels.ie/product/bi-material-wood-chisel-32mm/
online:en:IE:79427,Aluminum Top Edge Cover 1.77m,https://www.kennyfuels.ie/product/aluminum-top-edge-cover-1-77m/
online:en:IE:78647,TALAtools Strike-Cap Pozidriv Screwdriver PZ1,https://www.kennyfuels.ie/product/talatools-strike-cap-pozidriv-screwdriver-pz1/
online:en:IE:79697,Multi-Functional Tool Flush Cut Wood/Bi-Metal Blade 22mm,https://www.kennyfuels.ie/product/multi-functional-tool-flush-cut-wood-bi-metal-blade-22mm/
online:en:IE:81088,FAIZ1902430 TCT Circular Saw Blade 190 x 30mm x 24T POS,https://www.kennyfuels.ie/product/faiz1902430-tct-circular-saw-blade-190-x-30mm-x-24t-pos/
online:en:IE:78694,"Impact Screwdriver Bit Set, 42 Piece",https://www.kennyfuels.ie/product/impact-screwdriver-bit-set-42-piece/
online:en:IE:80469,EINTEHD1820N Einhell TE-HD 18/20 Li - Solo Power X-Change Rotary Hammer bare Unit,https://www.kennyfuels.ie/product/einhell-te-hd-18-20-li-solo-power-x-change-rotary-hammer-bare-unit/
online:en:IE:79858,Plug Cutter Set of 4 No.6-12,https://www.kennyfuels.ie/product/plug-cutter-set-of-4-no-6-12/
online:en:IE:80747,FAIWDB40 Lip & Spur Wood Drill Bit 4mm,https://www.kennyfuels.ie/product/faiwdb40-lip-spur-wood-drill-bit-4mm/
online:en:IE:80057,DHT043248 DEWALT BOX BEAM LEVEL - 120CM / 4FT,https://www.kennyfuels.ie/product/box-beam-level-120cm/
online:en:IE:78683,Torx S2 Grade Steel Screwdriver Bits TX30 x 25mm (Pack 3),https://www.kennyfuels.ie/product/torx-s2-grade-steel-screwdriver-bits-tx30-x-25mm-pack-3/
online:en:IE:50479,Propane Gas Manual Changeover Kit With Hose & Valve,https://www.kennyfuels.ie/product/propane-gas-manual-changeover-kit-with-hose-valve/
online:en:IE:78744,Pro Long Nose Pliers 200mm (8in),https://www.kennyfuels.ie/product/pro-long-nose-pliers-200mm-8in/
online:en:IE:79005,Fibreglass Open Frame Tape 30m/100ft (Width 13mm),https://www.kennyfuels.ie/product/fibreglass-open-frame-tape-30m-100ft-width-13mm/
online:en:IE:79024,Chalk Line Kit 30m,https://www.kennyfuels.ie/product/chalk-line-kit-30m/
online:en:IE:79118,Bi-Material Wood Chisel 16mm,https://www.kennyfuels.ie/product/bi-material-wood-chisel-16mm/
online:en:IE:80749,FAIWDB50 Lip & Spur Wood Drill Bit 5mm,https://www.kennyfuels.ie/product/faiwdb50-lip-spur-wood-drill-bit-5mm/
online:en:IE:79591,FAIRB24 - Faithfull Router Bit TCT Two Flute 8.0 x 19mm,https://www.kennyfuels.ie/product/router-bit-tct-two-flute-8-0-x-19mm-1-4in-shank/
online:en:IE:80759,"FAIWDBSET5 Lip & Spur Wood Drill Bit Set, 5 Piece",https://www.kennyfuels.ie/product/faiwdbset5-lip-spur-wood-drill-bit-set-5-piece/
online:en:IE:100244,DEWDCM563P1 DCM563P1 Hedge Trimmer 18V 1 x 5.0Ah Li-ion,https://www.kennyfuels.ie/product/dewdcm563p1-dcm563p1-hedge-trimmer-18v-1-x-5-0ah-li-ion/
online:en:IE:80584,DEWDT20701 DT20701 Multi-Tool Wood & Nails Blade 43 x 30mm,https://www.kennyfuels.ie/product/dewdt20701-dt20701-multi-tool-wood-nails-blade-43-x-30mm/
online:en:IE:79852,FAIPLUG8 FAITHFULL Plug Cutter No. 8,https://www.kennyfuels.ie/product/plug-cutter-no-8/
online:en:IE:80830,DEWLANDER8 Boa Lightweight Boots Stone UK 8 EUR 42,https://www.kennyfuels.ie/product/dewlander8-boa-lightweight-boots-stone-uk-8-eur-42/
online:en:IE:79584,M12-18 FC Rapid Charger,https://www.kennyfuels.ie/product/m12-18-fc-rapid-charger/
online:en:IE:45011,Gem Red Lithium Complex Grease,https://www.kennyfuels.ie/product/gem-red-lithium-complex-grease/
online:en:IE:79052,4-Way Brass Service Key,https://www.kennyfuels.ie/product/4-way-brass-service-key/
online:en:IE:80756,FAIWDB140 Lip & Spur Wood Drill Bit 14mm,https://www.kennyfuels.ie/product/faiwdb140-lip-spur-wood-drill-bit-14mm/
online:en:IE:50506,Propane Gas Automatic Changeover Kit with OPSO,https://www.kennyfuels.ie/product/automatic-changeover-kit-propane-with-opso-gas-lpg/
online:en:IE:78680,Torx S2 Grade Steel Screwdriver Bits TX20 x 25mm (Pack 3),https://www.kennyfuels.ie/product/torx-s2-grade-steel-screwdriver-bits-tx20-x-25mm-pack-3/
online:en:IE:79620,FAIRB72 - Faithfull Router Bit TCT Mini Trim 6.3mm x 25.4mm,https://www.kennyfuels.ie/product/router-bit-tct-mini-trim-6-3mm-x-25-4mm-1-4in-shank/
online:en:IE:79705,"Multi-Function Tool Blade Set, 7 Piece",https://www.kennyfuels.ie/product/multi-function-tool-blade-set-7-piece/
online:en:IE:79040,Box Immersion Heater Spanner,https://www.kennyfuels.ie/product/box-immersion-heater-spanner/
online:en:IE:80588,DEWDT20704 DT20704 Multi-Tool Fast Cut Wood Blade 43 x 30mm,https://www.kennyfuels.ie/product/dewdt20704-dt20704-multi-tool-fast-cut-wood-blade-43-x-30mm/
online:en:IE:80350,BAHSB111M24 SB111 Combination Spanner 24mm,https://www.kennyfuels.ie/product/bahsb111m24-sb111-combination-spanner-24mm/
online:en:IE:80144,DCM5713X1 DeWalt XR FlexVolt String Trimmer 54V 1 x 3.0Ah Li-ion,https://www.kennyfuels.ie/product/dcm5713x1-xr-flexvolt-string-trimmer-54v-1-x-3-0ah-li-ion/
online:en:IE:79571,M18 BHG-0 Cordless Heat Gun 18V Bare Unit,https://www.kennyfuels.ie/product/m18-bhg-0-cordless-heat-gun-18v-bare-unit/
online:en:IE:90249,MAKDTD155Z DTD155Z LXT Impact Driver 18V Bare Unit,https://www.kennyfuels.ie/product/makdtd155z-dtd155z-lxt-impact-driver-18v-bare-unit/
online:en:IE:79630,FAIRB211 - Faithfull Router Bit TCT Two Flute 12.7 x 50mm,https://www.kennyfuels.ie/product/router-bit-tct-two-flute-12-7-x-50mm-1-2in-shank/
online:en:IE:90231,MAKDHR165ZJ MAKITA ROTARY HAMMER DRILL 18V BARE UNIT,https://www.kennyfuels.ie/product/makdhr165zj-makita-rotary-hammer-drill-18v-bare-unit/
online:en:IE:80178,"S240 1/2in Drive Socket Set, 24 Piece",https://www.kennyfuels.ie/product/s240-1-2in-drive-socket-set-24-piece/
online:en:IE:74061,"THE MUTT PRO Multipurpose Demolition Scraper, Fibreglass",https://www.kennyfuels.ie/product/the-mutt-pro-multipurpose-demolition-scraper-fibreglass/
online:en:IE:79018,Braided Mason's Line Yellow 106m (350ft),https://www.kennyfuels.ie/product/braided-masons-line-yellow-106m-350ft/
online:en:IE:79687,FAIMFW34 Faithfull 34mm Flush Cut Wood Blade Side Set,https://www.kennyfuels.ie/product/multi-function-tool-crv-flush-cut-wood-blade-ground-side-set-34mm/
online:en:IE:33376,Castrol Vecton LD 10w/40 E9 208 LTR - DELIVERED NATIONWIDE,https://www.kennyfuels.ie/product/castrol-vecton-ld-10w-40-208-ltr/
online:en:IE:48122,Easy Gas Oxygen 20L - Without an Empty Cylinder,https://www.kennyfuels.ie/product/easy-gas-oxygen-20l/?attribute_cylinder-to-return=Without+an+Empty+Cylinder
online:en:IE:80464,EINTECI18LIN Einhell TE-CI 18 Li Power X-Change Cordless Impact Driver Bare Unit,https://www.kennyfuels.ie/product/einhell-power-x-change-impact-driver-18v-bare-unit/
online:en:IE:80722,DEWDT7002QZ DT7002 Keyless Chuck 13mm,https://www.kennyfuels.ie/product/dewdt7002qz-dt7002-keyless-chuck-13mm/
online:en:IE:79022,TAL69236 Braided Mason's Line Pink 106m (350ft),https://www.kennyfuels.ie/product/braided-masons-line-pink-106m-350ft/
online:en:IE:79132,6R Locking C-Clamp Regular Tip 150mm (6in),https://www.kennyfuels.ie/product/6r-locking-c-clamp-regular-tip-150mm-6in/
online:en:IE:78690,Pozidriv Impact Screwdriver Bits PZ2 x 25mm (Pack 2),https://www.kennyfuels.ie/product/pozidriv-impact-screwdriver-bits-pz2-x-25mm-pack-2/
online:en:IE:79835,FAITPA28 - Faithful Tri-Point Speed Auger Bit 28mm,https://www.kennyfuels.ie/product/tri-point-speed-auger-bit-28mm/
online:en:IE:33520,Q8 T750 15w40 (20ltr),https://www.kennyfuels.ie/product/q8-t750-15w40-20ltr/
online:en:IE:45118,3 Bag Plastic Coal Storage Bunker,https://www.kennyfuels.ie/product/3-bag-plastic-coal-storage-bunker/
online:en:IE:80575,DEWDT2053QZ HCS Wood Jigsaw Blades Pack of 5 T101BR,https://www.kennyfuels.ie/product/dewdt2053qz-hcs-wood-jigsaw-blades-pack-of-5-t101br/
online:en:IE:69156,1350V Vertical Tank Superblack Potable,https://www.kennyfuels.ie/product/1350v-vertical-tank-superblack-potable/
online:en:IE:80475,EINPXFASTCH Einhell Power X-Fastcharger 4A,https://www.kennyfuels.ie/product/einhell-power-x-fastcharger-4a/
online:en:IE:78991,Yard Brush with Bracket & Handle 350mm (14in),https://www.kennyfuels.ie/product/yard-brush-with-bracket-handle-350mm-14in/
online:en:IE:90259,"STA265014W CUSHION GRIP Screwdriver Set in Wallet, 10 Piece",https://www.kennyfuels.ie/product/sta265014w-cushion-grip-screwdriver-set-in-wallet-10-piece/
online:en:IE:79838,Combination Wood Auger Bit 6 x 200mm,https://www.kennyfuels.ie/product/combination-wood-auger-bit-6-x-200mm/
online:en:IE:80833,DEWLANDER10 Boa Lightweight Boots Stone UK 10 EUR 45,https://www.kennyfuels.ie/product/dewlander10-boa-lightweight-boots-stone-uk-10-eur-45/
online:en:IE:33548,Q8 Haydn 46 20ltr,https://www.kennyfuels.ie/product/q8-haydn-46-hydraulic-oil-20l/
online:en:IE:78684,Torx S2 Grade Steel Screwdriver Bits TX40 x 25mm (Pack 3),https://www.kennyfuels.ie/product/torx-s2-grade-steel-screwdriver-bits-tx40-x-25mm-pack-3/
online:en:IE:79054,Manhole Cover Keys 170mm (6.3/4in) (Pack 2),https://www.kennyfuels.ie/product/manhole-cover-keys-170mm-6-3-4in-pack-2/
online:en:IE:81095,FAIZ21648TCG TCT Circular Saw Blade Triple Chip Ground 216 x 30mm x 48T NEG,https://www.kennyfuels.ie/product/faiz21648tcg-tct-circular-saw-blade-triple-chip-ground-216-x-30mm-x-48t-neg/
online:en:IE:81091,FAIZ1904030 TCT Circular Saw Blade 190 x 30mm x 40T POS,https://www.kennyfuels.ie/product/faiz1904030-tct-circular-saw-blade-190-x-30mm-x-40t-pos/
online:en:IE:78754,End Cutting Pliers 200mm (8in),https://www.kennyfuels.ie/product/end-cutting-pliers-200mm-8in/
online:en:IE:79710,FAITPA20 - Faithfull Tri-Point Speed Auger Bit 20mm,https://www.kennyfuels.ie/product/tri-point-speed-auger-bit-20mm/
online:en:IE:79681,FAIJBT244D FAITHFULL JIGSAW BLADES (5) WOOD T244D,https://www.kennyfuels.ie/product/wood-jigsaw-blades-pack-of-5-7/
online:en:IE:78701,Drywall Screw Adaptor 25mm,https://www.kennyfuels.ie/product/drywall-screw-adaptor-25mm/
online:en:IE:79605,FAIRB213- Faithfull Router Bit TCT Two Flute 15.9 x 19mm,https://www.kennyfuels.ie/product/router-bit-tct-two-flute-15-9-x-19mm-1-4in-shank/
online:en:IE:80009,Lip & Spur Wood Drill Bit 3mm,https://www.kennyfuels.ie/product/lip-spur-wood-drill-bit-3mm/
online:en:IE:74034,Post Hole Digger Traditional Pattern 135mm (5.3/8in),https://www.kennyfuels.ie/product/post-hole-digger-traditional-pattern/
online:en:IE:80344,BAHSB111M10 SB111 Combination Spanner 10mm,https://www.kennyfuels.ie/product/bahsb111m10-sb111-combination-spanner-10mm/
online:en:IE:74007,Aluminium Landscape Rake 900mm (36in),https://www.kennyfuels.ie/product/aluminium-landscape-rake-900mm-36in/
online:en:IE:113340,Propane Gas Regulator Connection,https://www.kennyfuels.ie/product/37mbar-propane-gas-regulato/
online:en:IE:79845,FAICA13 FAITHFULL COMB AUGER BIT 13MM X 200MM 0/L,https://www.kennyfuels.ie/product/combination-wood-auger-bit-13-x-200mm/
online:en:IE:80762,"FAISBSET61 Screwdriver Bit Set, 61 Piece",https://www.kennyfuels.ie/product/faisbset61-screwdriver-bit-set-61-piece/
online:en:IE:78682,Torx S2 Grade Steel Screwdriver Bits TX25 x 25mm (Pack 3),https://www.kennyfuels.ie/product/torx-s2-grade-steel-screwdriver-bits-tx25-x-25mm-pack-3/
online:en:IE:80111,M18 CS55-0 FUEL Circular Saw 165mm 18V Bare Unit,https://www.kennyfuels.ie/product/m18-cs55-0-fuel-circular-saw-165mm-18v-bare-unit-2/
online:en:IE:80378,"BAH808050S22 Stubby Ratchet Screwdriver Set, 22 Piece",https://www.kennyfuels.ie/product/bah808050s22-stubby-ratchet-screwdriver-set-22-piece/
online:en:IE:45228,12 Bag Plastic Coal Storage Bunker,https://www.kennyfuels.ie/product/12-bag-plastic-coal-storage-bunker/
online:en:IE:80075,DHT711004 DEWALT UTILITY BLADES 75PK,https://www.kennyfuels.ie/product/induction-hardened-utility-blades-dispenser-of-75/
online:en:IE:80085,DHT051004 DEWALT RIP-CLAW HAMMER ONE PIECE - 20OZ 567G,https://www.kennyfuels.ie/product/rip-claw-smooth-face-hammer-567g-20oz/
online:en:IE:47984,Bloom & Grow Multi Purpose Compost 56lt - 45,https://www.kennyfuels.ie/product/bloom-grow-multi-purpose-compost-56lt/?attribute_quantity=45
online:en:IE:78689,Chainsaw File 4.7mm (3/16in),https://www.kennyfuels.ie/product/chainsaw-file-4-7mm-3-16in/
online:en:IE:79013,TAL69022 Tala G924 1Ton 4m Tie Down Strap,https://www.kennyfuels.ie/product/tie-down-strap-4m/
online:en:IE:80154,DHT055529 DEWALT MOULDING BAR 250MM,https://www.kennyfuels.ie/product/moulding-bar-250mm/
online:en:IE:81144,TAL50008 5000 Pointing Trowel 8in,https://www.kennyfuels.ie/product/tal50008-5000-pointing-trowel-8in/
online:en:IE:80586,DEWDT20702 DT20702 Titanium Bi-Metal Multi-tool Blade 55 x 44mm,https://www.kennyfuels.ie/product/dewdt20702-dt20702-titanium-bi-metal-multi-tool-blade-55-x-44mm/
online:en:IE:90279,DEWDCH273N DCH273N XR Brushless 3-Mode Hammer 18V Bare Unit,https://www.kennyfuels.ie/product/dewdch273n-dch273n-xr-brushless-3-mode-hammer-18v-bare-unit/
online:en:IE:79030,Professional Mastic Gun,https://www.kennyfuels.ie/product/professional-mastic-gun/
online:en:IE:78766,Handled Round Second Cut File 200mm (8in),https://www.kennyfuels.ie/product/handled-round-second-cut-file-200mm-8in/
online:en:IE:79709,FAITPA18 - Faithfull Tri-Point Speed Auger Bit 18mm,https://www.kennyfuels.ie/product/tri-point-speed-auger-bit-18mm/
online:en:IE:79863,Screwsink No. 8,https://www.kennyfuels.ie/product/screwsink-no-8/
online:en:IE:80037,DHT043172 DEWALT BOX BEAM LEVEL - 180CM / 6FT,https://www.kennyfuels.ie/product/box-beam-level-180cm/
online:en:IE:80757,FAIWDB160 Lip & Spur Wood Drill Bit 16mm,https://www.kennyfuels.ie/product/faiwdb160-lip-spur-wood-drill-bit-16mm/
online:en:IE:78748,Pro Water Pump Pliers 300mm (12in),https://www.kennyfuels.ie/product/pro-water-pump-pliers-300mm-12in/
online:en:IE:48098,Easy Gas Enermix 15 10L - With an Empty Cylinder,https://www.kennyfuels.ie/product/easy-gas-enermix-15-10l/?attribute_cylinder-to-return=With+an+Empty+Cylinder
online:en:IE:79882,Sabre Saw Blade Wood 150mm 10 TPI (Pack of 5),https://www.kennyfuels.ie/product/sabre-saw-blade-wood-150mm-10-tpi-pack-of-5/
online:en:IE:80031,DHT536933 DEWALT TOUGH TAPE 10M/33,https://www.kennyfuels.ie/product/toughseries-tape-measure-10m-33ft-width-32mm/
online:en:IE:78834,Snap-Off Blades 18mm (Pack 10),https://www.kennyfuels.ie/product/snap-off-blades-18mm-pack-10/
online:en:IE:80015,VDE Long Snipe Nose Side Cutting Pliers 200mm,https://www.kennyfuels.ie/product/vde-long-snipe-nose-side-cutting-pliers-200mm/
online:en:IE:84075,Flo Gas 47kg Propane Gas (Delivered) - 3x full cylinders,https://www.kennyfuels.ie/product/flo-gas-47kg-propane-gas-delivered/?attribute_quantity=3x+full+cylinders
online:en:IE:81107,DEWDCW220NT DCW220NT XR Belt Sander 18V Bare Unit in TSTAK,https://www.kennyfuels.ie/product/dewdcw220nt-dcw220nt-xr-belt-sander-18v-bare-unit-in-tstak/
online:en:IE:80571,DEWDT20455QZ Dry Diamond Blade 115mm (2 Pack),https://www.kennyfuels.ie/product/dewdt20455qz-dry-diamond-blade-115mm-2-pack/
online:en:IE:80035,DHT538127 DEWALT COMPACT TAPE 8M/26,https://www.kennyfuels.ie/product/compact-series-tape-measure-8m-26ft-width-28mm/
online:en:IE:90212,BAH9029GTP PHOSPHATE GREEN ERGO ADJ WRENCH 170MM,https://www.kennyfuels.ie/product/bah9029gtp-phosphate-green-ergo-adj-wrench-170mm/
online:en:IE:80002,High Speed Steel Countersink 13mm (1/2in) - Chubby,https://www.kennyfuels.ie/product/high-speed-steel-countersink-13mm-1-2in-chubby/
online:en:IE:74021,Sharp Edge Posthole Digger 1.46m,https://www.kennyfuels.ie/product/sharp-edge-posthole-digger/
online:en:IE:47982,Bloom & Grow Multi Purpose Compost 56lt - 15,https://www.kennyfuels.ie/product/bloom-grow-multi-purpose-compost-56lt/?attribute_quantity=15
online:en:IE:79674,FAIJBT119BO FAITHFULL JIGSAW BLADES (5) WOOD T119BO,https://www.kennyfuels.ie/product/wood-jigsaw-blades-pack-of-5-5/
online:en:IE:48099,Easy Gas Enermix 15 10L - Without an Empty Cylinder,https://www.kennyfuels.ie/product/easy-gas-enermix-15-10l/?attribute_cylinder-to-return=Without+an+Empty+Cylinder
online:en:IE:90305,DEWDCS391N DCS391N Premium XR Circular Saw 165mm 18V Bare Unit,https://www.kennyfuels.ie/product/dewdcs391n-dcs391n-premium-xr-circular-saw-165mm-18v-bare-unit/
online:en:IE:79034,Irish Copper Pipe Cutter 3/4in,https://www.kennyfuels.ie/product/irish-copper-pipe-cutter-3-4in/
online:en:IE:72755,Adblue 20L Drum (Nationwide on Barrels & IBC) - 5,https://www.kennyfuels.ie/product/adblue-20l-drum-nationwide-on-barrels-ibc/?attribute_quantity=5
online:en:IE:80751,FAIWDB60 Lip & Spur Wood Drill Bit 6mm,https://www.kennyfuels.ie/product/faiwdb60-lip-spur-wood-drill-bit-6mm/
online:en:IE:79868,Sabre Saw Blade Metal 200mm 10 TPI (Pack of 5),https://www.kennyfuels.ie/product/sabre-saw-blade-metal-200mm-10-tpi-pack-of-5/
online:en:IE:79063,Square Face Club Hammer 1.4kg (3 lb),https://www.kennyfuels.ie/product/square-face-club-hammer-1-4kg-3-lb/
online:en:IE:74044,Micro Shovel - Round Point,https://www.kennyfuels.ie/product/micro-shovel-round-point/
online:en:IE:80376,BAH36114 361-14 Stillson Type Pipe Wrench 350mm (14in),https://www.kennyfuels.ie/product/bah36114-361-14-stillson-type-pipe-wrench-350mm-14in/
online:en:IE:79713,FAITPA25 - Faithfull Tri-Point Speed Auger Bit 25mm,https://www.kennyfuels.ie/product/tri-point-speed-auger-bit-25mm/
online:en:IE:78997,Auto Lock Tape 5m/16ft,https://www.kennyfuels.ie/product/auto-lock-tape-5m-16ft/
online:en:IE:47915,Cemcor Cement 25KG Bags - 60,https://www.kennyfuels.ie/product/obrien-cement-25kg/?attribute_quantity=60
online:en:IE:46101,Castrol Vecton Long Drain 10W40,https://www.kennyfuels.ie/product/castrol-vecton-long-drain-10w40/
online:en:IE:80117,DHT074432 DEWALT V-JAW PUSH LOCK PLIERS 300MM,https://www.kennyfuels.ie/product/v-jaw-push-lock-pliers-300mm/
online:en:IE:114895,Carr & Day & Martin Belvoir Tack Conditioner Spray 500ml,https://www.kennyfuels.ie/product/belvoir-tack-conditioner-spray-500ml/
online:en:IE:78987,"Claw Hammer, Fibreglass Shaft 450g (16oz)",https://www.kennyfuels.ie/product/claw-hammer-fibreglass-shaft-450g-16oz/
online:en:IE:80489,DEWDT10624QZ ELITE Series Framing Circular Saw Blade 165 x 20mm x 24T,https://www.kennyfuels.ie/product/dewdt10624qz-elite-series-framing-circular-saw-blade-165-x-20mm-x-24t/
online:en:IE:114889,Foran Eazi-Wrap | Vet Wrap Equine Bandage box of 18 - Blue,https://www.kennyfuels.ie/product/foran-eazi-wrap/?attribute_box-of-18=Blue
online:en:IE:78672,"Metric Folding Hexagon Key Set, 8 Piece",https://www.kennyfuels.ie/product/metric-folding-hexagon-key-set-8-piece/
online:en:IE:78685,"Soft Grip Handled File Set, 5 Piece",https://www.kennyfuels.ie/product/soft-grip-handled-file-set-5-piece/
online:en:IE:114894,Carr & Day & Martin Canter Mane & Tail Spray 500ml & 1L - 1 Liter,https://www.kennyfuels.ie/product/carr-day-martin-canter-mane-tail-spray/?attribute_size=1+Liter
online:en:IE:80462,EINTPCD1880N Einhell TP-CD 18/80 Li-i BL Power X-Change Combi Drill Bare Unit,https://www.kennyfuels.ie/product/einhell-tp-cd-power-x-change-combi-drill-18v-bare-unit/
online:en:IE:63393,Plusvital Tryptocool 750g,https://www.kennyfuels.ie/product/plusvital-trytocool-750g/
online:en:IE:79138,5WRC Curved Jaw Locking Pliers with Wire Cutter 127mm (5in),https://www.kennyfuels.ie/product/5wrc-curved-jaw-locking-pliers-with-wire-cutter-127mm-5in/
online:en:IE:80011,Lip & Spur Wood Drill Bit 4mm,https://www.kennyfuels.ie/product/lip-spur-wood-drill-bit-4mm/
online:en:IE:80362,BAH8070 8070 Black Adjustable Wrench 150mm (6in),https://www.kennyfuels.ie/product/bah8070-8070-black-adjustable-wrench-150mm-6in/
online:en:IE:81093,FAIZ21032 TCT Circular Saw Blade 210 x 35mm x 32T POS,https://www.kennyfuels.ie/product/faiz21032-tct-circular-saw-blade-210-x-35mm-x-32t-pos/
online:en:IE:79693,FAIMFW87W FAITHFULL RADIAL BLADE WOOD WAVY SET 87MM CRV,https://www.kennyfuels.ie/product/multi-functional-tool-crv-radial-blade-wood-wavy-set-87mm/
online:en:IE:80101,M12 BI Sub-Compact Inflator 12V Bare Unit,https://www.kennyfuels.ie/product/m12-bi-sub-compact-inflator-12v-bare-unit-2/
online:en:IE:79253,Small Post Rammer,https://www.kennyfuels.ie/product/small-post-rammer/
online:en:IE:81086,FAIZ1841430N TCT Circular Saw Blade Nail Cutting 184 x 30mm x 14T NEG,https://www.kennyfuels.ie/product/faiz1841430n-tct-circular-saw-blade-nail-cutting-184-x-30mm-x-14t-neg/
online:en:IE:79567,M18 FJS-0X FUEL Top Handle Jigsaw 18V Bare Unit,https://www.kennyfuels.ie/product/m18-fjs-0x-fuel-top-handle-jigsaw-18v-bare-unit/
online:en:IE:79061,Fibreglass Sledge Hammer 1.8kg (4 lb),https://www.kennyfuels.ie/product/fibreglass-sledge-hammer-1-8kg-4-lb/
online:en:IE:79876,Sabre Saw Blade Wood 240mm 5 TPI (Pack of 5),https://www.kennyfuels.ie/product/sabre-saw-blade-wood-240mm-5-tpi-pack-of-5/
online:en:IE:79659,FAIJBT101D FAITHFULL JIGSAW BLADES (5) WOOD T101D,https://www.kennyfuels.ie/product/wood-jigsaw-blades-pack-of-5/
online:en:IE:80837,"FAIHKS8AF Imperial Short Arm Hexagon Key Set, 8 Piece",https://www.kennyfuels.ie/product/faihks8af-imperial-short-arm-hexagon-key-set-8-piece/
online:en:IE:79203,Locking Sheet Metal Tool 200mm (8in),https://www.kennyfuels.ie/product/locking-sheet-metal-tool-200mm-8in/
online:en:IE:79193,GV10 Groovelock Water Pump ProTouch Handle Pliers 250mm,https://www.kennyfuels.ie/product/gv10-groovelock-water-pump-protouch-handle-pliers-250mm/
online:en:IE:79880,Sabre Saw Blade Wood 150mm 3 TPI (Pack of 5),https://www.kennyfuels.ie/product/sabre-saw-blade-wood-150mm-3-tpi-pack-of-5/
online:en:IE:79098,Fibreglass Sledge Hammer 5.5kg (12 lb),https://www.kennyfuels.ie/product/fibreglass-sledge-hammer-5-5kg-12-lb/
online:en:IE:79124,Bi-Material Wood Chisel 38mm,https://www.kennyfuels.ie/product/bi-material-wood-chisel-38mm/
online:en:IE:81163,TAL43601 Petrol Can 10 litre,https://www.kennyfuels.ie/product/tal43601-petrol-can-10-litre/
online:en:IE:46478,14KG Gaslight Forklift ( Collection Only) - 3,https://www.kennyfuels.ie/product/14kg-gaslight-for-forklift-collection-only/?attribute_collection-only=3
online:en:IE:80582,DEWDT20700 DEWALT DT20700 Multi-Tool Sanding Platen,https://www.kennyfuels.ie/product/dewdt20700-dewalt-dt20700-multi-tool-sanding-platen/
online:en:IE:80446,BAH812014 Swivel Head Ratchet 1/4in Drive,https://www.kennyfuels.ie/product/bah812014-swivel-head-ratchet-1-4in-drive/
online:en:IE:78740,Pro Long Nose Pliers 150mm (6in),https://www.kennyfuels.ie/product/pro-long-nose-pliers-150mm-6in/
online:en:IE:80755,FAIWDB120 Lip & Spur Wood Drill Bit 12mm,https://www.kennyfuels.ie/product/faiwdb120-lip-spur-wood-drill-bit-12mm/
online:en:IE:79103,691 Aluminium Level 60cm,https://www.kennyfuels.ie/product/691-aluminium-level-60cm/
online:en:IE:47983,Bloom & Grow Multi Purpose Compost 56lt - 20,https://www.kennyfuels.ie/product/bloom-grow-multi-purpose-compost-56lt/?attribute_quantity=20
online:en:IE:79918,Sabre Saw Blade Metal 150mm 14 TPI (Pack of 5),https://www.kennyfuels.ie/product/sabre-saw-blade-metal-150mm-14-tpi-pack-of-5-2/
online:en:IE:84074,Flo Gas 47kg Propane Gas (Delivered) - 2x full cylinders,https://www.kennyfuels.ie/product/flo-gas-47kg-propane-gas-delivered/?attribute_quantity=2x+full+cylinders
online:en:IE:80352,BAHSB111M32 SB111 Combination Spanner 32mm,https://www.kennyfuels.ie/product/bahsb111m32-sb111-combination-spanner-32mm/
online:en:IE:81101,FAIZ30060 TCT Circular Saw Blade 300 x 30mm x 60T POS,https://www.kennyfuels.ie/product/faiz30060-tct-circular-saw-blade-300-x-30mm-x-60t-pos/
online:en:IE:80743,"DEWDT70703QZ DT70703 Screwdriving Set, 47 Piece + Safety Glasses",https://www.kennyfuels.ie/product/dewdt70703qz-dt70703-screwdriving-set-47-piece-safety-glasses/
online:en:IE:78687,Chainsaw File 3.9mm (5/32in),https://www.kennyfuels.ie/product/chainsaw-file-3-9mm-5-32in/
online:en:IE:78666,"Aviation Tinsnips Set, 3 Piece",https://www.kennyfuels.ie/product/aviation-tinsnips-set-3-piece/
online:en:IE:80340,"BAHS330 S330 3/8in Drive Socket Set, 34 Piece",https://www.kennyfuels.ie/product/bahs330-s330-3-8in-drive-socket-set-34-piece/
online:en:IE:79209,Gorilla Bar 914mm (36in),https://www.kennyfuels.ie/product/gorilla-bar-914mm-36in/
online:en:IE:79248,Heavy Duty Wire Brush Set (3pc),https://www.kennyfuels.ie/product/heavy-duty-wire-brush-set-3pc/
online:en:IE:80753,FAIWDB80 Lip & Spur Wood Drill Bit 8mm,https://www.kennyfuels.ie/product/faiwdb80-lip-spur-wood-drill-bit-8mm/
online:en:IE:80606,"DEWDT2352QZ HCS Reciprocating Blade for Wood, Fast Cuts 240mm x 5/6.5 TPI (Pack 5)",https://www.kennyfuels.ie/product/dewdt2352qz-hcs-reciprocating-blade-for-wood-fast-cuts-240mm-x-5-6-5-tpi-pack-5/
online:en:IE:78796,G Clamp 150mm (6in),https://www.kennyfuels.ie/product/g-clamp-150mm-6in/
online:en:IE:47981,Bloom & Grow Multi Purpose Compost 56lt - 5,https://www.kennyfuels.ie/product/bloom-grow-multi-purpose-compost-56lt/?attribute_quantity=5
online:en:IE:48144,Easy Gas Enermix 15 20L - With an Empty Cylinder,https://www.kennyfuels.ie/product/easy-gas-enermix-15-20l/?attribute_cylinder-to-return=With+an+Empty+Cylinder
online:en:IE:79121,Bi-Material Wood Chisel 25mm,https://www.kennyfuels.ie/product/bi-material-wood-chisel-25mm/
online:en:IE:78762,Handled Second Cut Half Round File 200mm (8in),https://www.kennyfuels.ie/product/handled-second-cut-half-round-file-200mm-8in/
online:en:IE:113254,Equi Vital 2.5L Equine Products Ireland,https://www.kennyfuels.ie/product/horse-energy-supplement/
online:en:IE:78692,Impact Screwdriver Bits Phillips PH2 25mm (Pack 2),https://www.kennyfuels.ie/product/impact-screwdriver-bits-phillips-ph2-25mm-pack-2/
online:en:IE:79586,FAIRB28 - Faithfull Router Bit TCT Two Flute 10.0 x 19mm,https://www.kennyfuels.ie/product/router-bit-tct-two-flute-10-0-x-19mm-1-4in-shank/
online:en:IE:113369,Jubilee Hose Clip Zinc Protected 18-25mm,https://www.kennyfuels.ie/product/jubilee-hose-clips-18-25mm/
online:en:IE:74056,Sharp-Edge Drainage Shovel,https://www.kennyfuels.ie/product/sharp-edge-drainage-shovel/
online:en:IE:79685,FAIJBT318A FAITHFULL JIGSAW BLADES (5) METAL T318A,https://www.kennyfuels.ie/product/metal-cutting-jigsaw-blades-pack-of-5-4/
online:en:IE:79042,Flat Immersion Heater Spanner,https://www.kennyfuels.ie/product/flat-immersion-heater-spanner/
online:en:IE:80374,BAH36112 361-12 Stillson Type Pipe Wrench 300mm (12in),https://www.kennyfuels.ie/product/bah36112-361-12-stillson-type-pipe-wrench-300mm-12in/
online:en:IE:50215,O'Brien All Purpose Cement 25kg - 30,https://www.kennyfuels.ie/product/obrien-all-purpose-cement-25kg/?attribute_quantity=30
online:en:IE:80818,SCAFWVIPER8 Viper SBP Safety Boots UK 8 EUR 42,https://www.kennyfuels.ie/product/scafwviper8-viper-sbp-safety-boots-uk-8-eur-42/
online:en:IE:48092,Easy Gas Enermix 5 10L - With an Empty Cylinder,https://www.kennyfuels.ie/product/easy-gas-enermix-5-10l/?attribute_cylinder-to-return=With+an+Empty+Cylinder
online:en:IE:74058,Sharp-Edge Lawn Edging Iron,https://www.kennyfuels.ie/product/sharp-edge-lawn-edging-iron/
online:en:IE:78802,Rubber Mallet 450g (16oz),https://www.kennyfuels.ie/product/rubber-mallet-450g-16oz/
online:en:IE:79670,Metal Cutting Jigsaw Blades Pack of 5,https://www.kennyfuels.ie/product/metal-cutting-jigsaw-blades-pack-of-5-2/
online:en:IE:113248,Joint + Liquid 2.5L Equine Products Ireland,https://www.kennyfuels.ie/product/joint-liquid-2-5l-equine-products-ireland/
online:en:IE:80097,M18 FJS-0X FUEL Top Handle Jigsaw 18V Bare Unit,https://www.kennyfuels.ie/product/m18-fjs-0x-fuel-top-handle-jigsaw-18v-bare-unit-2/
online:en:IE:80017,VDE Diagonal Cutter 180mm,https://www.kennyfuels.ie/product/vde-diagonal-cutter-180mm/
online:en:IE:79056,Compression Fitting Spanner 15 x 22mm,https://www.kennyfuels.ie/product/compression-fitting-spanner-15-x-22mm/
online:en:IE:89622,DEWDCN660N DCN660N Cordless XR Brushless Second Fix Nailer 18V Bare Unit,https://www.kennyfuels.ie/product/dcn660n-cordless-xr-brushless-second-fix-nailer-18v-bare-unit-2/
online:en:IE:65337,Flo Gas 47kg Propane Gas (Delivered),https://www.kennyfuels.ie/product/flo-gas-47kg-propane-gas-delivered/
online:en:IE:48104,Easy Gas Brew 7030 10L - Without an Empty Cylinder,https://www.kennyfuels.ie/product/easy-gas-brew-7030-10l/?attribute_cylinder-to-return=Without+an+Empty+Cylinder
online:en:IE:62751,All Off Excellent Cleaner 205L Barrell,https://www.kennyfuels.ie/product/all-off-excellent-cleaner-205l-barrell/
online:en:IE:79196,"Blue Groove 6X Stubby Wood Bit Set, 3 Piece",https://www.kennyfuels.ie/product/blue-groove-6x-stubby-wood-bit-set-3-piece/
online:en:IE:78827,Straight Internal Circlip Pliers 175mm (7in),https://www.kennyfuels.ie/product/straight-internal-circlip-pliers-175mm-7in/
online:en:IE:90265,STA910899 99E Trimming Knife Twin Pack with 50 Spare Blades in Organiser,https://www.kennyfuels.ie/product/sta910899-99e-trimming-knife-twin-pack-with-50-spare-blades-in-organiser/
online:en:IE:79048,Double-End Basin Wrench,https://www.kennyfuels.ie/product/double-end-basin-wrench/
online:en:IE:105875,Composite Fencing Panel – 3.6m Length Mocha,https://www.kennyfuels.ie/product/composite-fencing-panel-3-6m-length-mocha/
online:en:IE:81130,TAL69247 Fine Cut Handsaw 550mm (22in) 11 TPI,https://www.kennyfuels.ie/product/tal69247-fine-cut-handsaw-550mm-22in-11-tpi/
online:en:IE:78674,"Imperial Folding Hexagon Key Set, 9 Piece",https://www.kennyfuels.ie/product/imperial-folding-hexagon-key-set-9-piece/
online:en:IE:79628,FAIRB112 - Faithfull Router Bit TCT 6.3mm Rounding Over,https://www.kennyfuels.ie/product/router-bit-tct-6-3mm-rounding-over-1-4in-shank/
online:en:IE:100274,TM200 Truckmaster - Without Flowmeter,https://www.kennyfuels.ie/product/tm200-truckmaster/?attribute_flowmeter=Without+Flowmeter
online:en:IE:79001,Portable Transformer 3.3kVA 2 x 16A,https://www.kennyfuels.ie/product/portable-transformer-3-3kva-2-x-16a/
online:en:IE:80119,DHT043003 DEWALT TORPEDO LEVEL - 25CM,https://www.kennyfuels.ie/product/magnetic-torpedo-level-25cm-10in/
online:en:IE:80004,Carbon Countersink 16mm (5/8in),https://www.kennyfuels.ie/product/carbon-countersink-16mm-5-8in/
online:en:IE:78752,Pro Revolving Punch Pliers,https://www.kennyfuels.ie/product/pro-revolving-punch-pliers/
online:en:IE:80156,FatMax PRO-STACK Mobile Storage Box,https://www.kennyfuels.ie/product/fatmax-pro-stack-mobile-storage-box/
online:en:IE:78831,Snap-Off Knife 18mm,https://www.kennyfuels.ie/product/snap-off-knife-18mm/
online:en:IE:79573,M18 BOS125-0 Random Orbital Sander 18V Bare Unit,https://www.kennyfuels.ie/product/m18-bos125-0-random-orbital-sander-18v-bare-unit/
online:en:IE:78985,Lump Hammer 1.81kg (4 lb),https://www.kennyfuels.ie/product/lump-hammer-1-81kg-4-lb/
online:en:IE:80823,SCAFWDESVI7 Desert Viper S3 Safety Boots UK 7 EUR 41,https://www.kennyfuels.ie/product/scafwdesvi7-desert-viper-s3-safety-boots-uk-7-eur-41/
online:en:IE:79059,PVC Pipe Cutter 36mm,https://www.kennyfuels.ie/product/pvc-pipe-cutter-36mm/
online:en:IE:79703,FAIMFKIT4 FAITHFULL MULTI TOOL BLADE SET FLOOR KIT 4PC,https://www.kennyfuels.ie/product/multi-function-tool-flooring-blade-set-4-piece/
online:en:IE:79242,Block Wire Brush,https://www.kennyfuels.ie/product/block-wire-brush/
online:en:IE:78671,Strike-Cap Flared Screwdriver 8 x 200mm,https://www.kennyfuels.ie/product/strike-cap-flared-screwdriver-8-x-200mm/
online:en:IE:80000,High Speed Steel Countersink 13mm (1/2in),https://www.kennyfuels.ie/product/high-speed-steel-countersink-13mm-1-2in/
online:en:IE:34804,Adblue 205L Barrell (Nationwide on Barrels & IBC),https://www.kennyfuels.ie/product/adblue-200l-barrell-nationwide-on-barrels-ibc/
online:en:IE:45241,Fuel Hub Compact FHC-3000L,https://www.kennyfuels.ie/product/fuel-hub-compact-fhc-3000l/
online:en:IE:114877,RE-FUEL Triple Pack by Foran | Horse Electrolyte Recovery Gel,https://www.kennyfuels.ie/product/re-fuel-triple-pack-foran/
online:en:IE:79873,Sabre Saw Blade Wood 300mm 6 TPI (Pack of 5),https://www.kennyfuels.ie/product/sabre-saw-blade-wood-300mm-6-tpi-pack-of-5/
online:en:IE:80598,DEWDT2213QZ XPC HCS Wood Jigsaw Blades Pack of 5 T144D,https://www.kennyfuels.ie/product/dewdt2213qz-xpc-hcs-wood-jigsaw-blades-pack-of-5-t144d/
online:en:IE:79032,Irish Copper Pipe Cutter 1/2in,https://www.kennyfuels.ie/product/irish-copper-pipe-cutter-1-2in/
online:en:IE:80565,DEWDT1962QZ DT1962 Construction Circular Saw Blade 3 Pack 216 x 30mm 2 x 24T 1 x 40T,https://www.kennyfuels.ie/product/dewdt1962qz-dt1962-construction-circular-saw-blade-3-pack-216-x-30mm-2-x-24t-1-x-40t/
online:en:IE:80172,FatMax PRO-STACK Open Tote,https://www.kennyfuels.ie/product/fatmax-pro-stack-open-tote/
online:en:IE:80105,M18 BHG-0 Cordless Heat Gun 18V Bare Unit,https://www.kennyfuels.ie/product/m18-bhg-0-cordless-heat-gun-18v-bare-unit-2/
online:en:IE:81076,FAIZ16518 TCT Circular Saw Blade 165 x 30mm x 18T POS,https://www.kennyfuels.ie/product/faiz16518-tct-circular-saw-blade-165-x-30mm-x-18t-pos/
online:en:IE:79888,Sabre Saw Blade Metal 150mm 14 TPI (Pack of 5),https://www.kennyfuels.ie/product/sabre-saw-blade-metal-150mm-14-tpi-pack-of-5/
online:en:IE:80060,DHT043224 DEWALT BOX BEAM LEVEL - 60CM / 2FT,https://www.kennyfuels.ie/product/box-beam-level-60cm/
online:en:IE:80611,DEWDT3906QZ DT3906 TCT Reversible Planer Blades 82mm (Pack 2),https://www.kennyfuels.ie/product/dewdt3906qz-dt3906-tct-reversible-planer-blades-82mm-pack-2/
online:en:IE:78731,"Metric Multicoloured Hex Key Set, 9 Piece",https://www.kennyfuels.ie/product/metric-multicoloured-hex-key-set-9-piece/
online:en:IE:79020,TAL69235 Braided Mason's Line White 106m (350ft),https://www.kennyfuels.ie/product/braided-masons-line-white-106m-350ft/
online:en:IE:78804,Rubber Mallet 908g (32oz),https://www.kennyfuels.ie/product/rubber-mallet-908g-32oz/
online:en:IE:105879,Composite Fencing Panel – 1.8m Length Mocha,https://www.kennyfuels.ie/product/composite-fencing-panel-1-8m-length-mocha/
online:en:IE:79683,FAIJBT301CD FAITHFULL JIGSAW BLADES (5) WOOD T301CD,https://www.kennyfuels.ie/product/wood-jigsaw-blades-pack-of-5-8/
online:en:IE:80729,DEWDT70556TQ Impact Torsion Bits PZ2 25mm Tic Tac Display 21 x Packs of 25,https://www.kennyfuels.ie/product/dewdt70556tq-impact-torsion-bits-pz2-25mm-tic-tac-display-21-x-packs-of-25/
online:en:IE:80372,BAH36110 361-10 Stillson Type Pipe Wrench 250mm (10in),https://www.kennyfuels.ie/product/bah36110-361-10-stillson-type-pipe-wrench-250mm-10in/
online:en:IE:74014,Sharp-Edge Dutch Hoe,https://www.kennyfuels.ie/product/sharp-edge-dutch-hoe/
online:en:IE:80348,BAHSB111M17 SB111 Combination Spanner 17mm,https://www.kennyfuels.ie/product/bahsb111m17-sb111-combination-spanner-17mm/
online:en:IE:80567,DEWDT1963QZ DT1963 Construction Circular Saw Blade 3 Pack 250 x 30mm x 24T/48T,https://www.kennyfuels.ie/product/dewdt1963qz-dt1963-construction-circular-saw-blade-3-pack-250-x-30mm-x-24t-48t/
online:en:IE:78768,Parallel Pin Punch Set 6 Piece,https://www.kennyfuels.ie/product/parallel-pin-punch-set-6-piece/
online:en:IE:74054,Micro Fork,https://www.kennyfuels.ie/product/micro-fork/
online:en:IE:79679,FAIJBT144D FAITHFULL JIGSAW BLADES (5) WOOD T144D,https://www.kennyfuels.ie/product/wood-jigsaw-blades-pack-of-5-6/
online:en:IE:114893,Carr & Day & Martin Canter Mane & Tail Spray 500ml & 1L - 500ml,https://www.kennyfuels.ie/product/carr-day-martin-canter-mane-tail-spray/?attribute_size=500ml
online:en:IE:82171,DEWDCF850E2T DEWALT DCF850 XR Brushless Impact Driver 18V 2 x 1.7Ah POWERSTACK Li-ion,https://www.kennyfuels.ie/product/dewalt-dcf850-xr-brushless-impact-driver-18v-2x-powerstack-li-ion/
online:en:IE:78678,Folding Star Key Set of 8 (TX9-TX40),https://www.kennyfuels.ie/product/folding-star-key-set-of-8-tx9-tx40/
online:en:IE:79238,Professional Bolt Cutters 600mm (24in),https://www.kennyfuels.ie/product/professional-bolt-cutters-600mm-24in/
online:en:IE:45616,Castrol Aircol CM 100,https://www.kennyfuels.ie/product/45616/
online:en:IE:80377,BAH36118 361-18 Stillson Type Pipe Wrench 450mm (18in),https://www.kennyfuels.ie/product/bah36118-361-18-stillson-type-pipe-wrench-450mm-18in/
online:en:IE:79191,"Bolt Grip Fastener Remover Base Set, 5 Piece",https://www.kennyfuels.ie/product/bolt-grip-fastener-remover-base-set-5-piece/
online:en:IE:78705,"Imperial Short Arm Hexagon Key Set, 8 Piece",https://www.kennyfuels.ie/product/imperial-short-arm-hexagon-key-set-8-piece/
online:en:IE:80479,DEWDT10300QZ Extreme Framing Circular Saw Blade 165 x 20mm x 24T,https://www.kennyfuels.ie/product/dewdt10300qz-extreme-framing-circular-saw-blade-165-x-20mm-x-24t/
online:en:IE:78806,Combination Square 300mm (12in),https://www.kennyfuels.ie/product/combination-square-300mm-12in/
online:en:IE:80346,SB111 Combination Spanner 13mm,https://www.kennyfuels.ie/product/sb111-combination-spanner-13mm/
online:en:IE:73683,Strong Bone + 4.5kg Equine Products Ireland,https://www.kennyfuels.ie/product/strong-bone-4-5kg/
online:en:IE:79582,M18 B5 REDLITHIUM-ION Slide Battery Pack 18V 5.0Ah Li-ion,https://www.kennyfuels.ie/product/m18-b5-redlithium-ion-slide-battery-pack-18v-5-0ah-li-ion/
online:en:IE:80835,FAIMFWM22 Multi-Functional Tool Flush Cut Wood/Bi-Metal Blade 22mm,https://www.kennyfuels.ie/product/faimfwm22-multi-functional-tool-flush-cut-wood-bi-metal-blade-22mm/
online:en:IE:79699,FAIMFWM80 Faithfull 87mm Radial Blade Wood & Metal,https://www.kennyfuels.ie/product/multi-functional-tool-hss-radial-blade-wood-metal-87mm/
online:en:IE:63127,FloGas 19kg Propane Gas Cylinder (Delivered) - Without an empty cylinder,https://www.kennyfuels.ie/product/flogas-19kg-propane-gas-cylinder-delivered/?attribute_cylinder-to-return=Without+an+empty+cylinder
online:en:IE:79864,Screwsink No.10,https://www.kennyfuels.ie/product/screwsink-no-10/
online:en:IE:81080,FAIZ1802430 TCT Circular Saw Blade 180 x 30mm x 24T POS,https://www.kennyfuels.ie/product/faiz1802430-tct-circular-saw-blade-180-x-30mm-x-24t-pos/
online:en:IE:79187,40° Bent Long Nose Pliers 200mm (8in),https://www.kennyfuels.ie/product/40-bent-long-nose-pliers-200mm-8in/
online:en:IE:33549,Q8 Haydn 68 20ltr,https://www.kennyfuels.ie/product/q8-haydn-68-hydraulic-oil-20l/
online:en:IE:80448,BAH812038 Swivel Head Ratchet 3/8in Drive,https://www.kennyfuels.ie/product/bah812038-swivel-head-ratchet-3-8in-drive/
online:en:IE:88166,DEWDCN660N DCN660N Cordless XR Brushless Second Fix Nailer 18V Bare Unit,https://www.kennyfuels.ie/product/dcn660n-cordless-xr-brushless-second-fix-nailer-18v-bare-unit/
online:en:IE:79677,FAIJBT118A FAITHFULL JIGSAW BLADES (5) METAL T118A,https://www.kennyfuels.ie/product/metal-cutting-jigsaw-blades-pack-of-5-3/
online:en:IE:78760,Handled Flat Second Cut File 200mm (8in),https://www.kennyfuels.ie/product/handled-flat-second-cut-file-200mm-8in/
online:en:IE:72752,Adblue 20L Drum (Nationwide on Barrels & IBC) - 20,https://www.kennyfuels.ie/product/adblue-20l-drum-nationwide-on-barrels-ibc/?attribute_quantity=20
online:en:IE:79244,Two-Handed Wire Brush Soft-Grip,https://www.kennyfuels.ie/product/two-handed-wire-brush-soft-grip/
online:en:IE:90319,DEWDCB183 DCB183 XR Slide Battery Pack 18V 2.0Ah Li-ion,https://www.kennyfuels.ie/product/dewdcb183-dcb183-xr-slide-battery-pack-18v-2-0ah-li-ion/
online:en:IE:47913,Cemcor Cement 25KG Bags - 30,https://www.kennyfuels.ie/product/obrien-cement-25kg/?attribute_quantity=30
online:en:IE:79116,Bi-Material Wood Chisel 10mm,https://www.kennyfuels.ie/product/bi-material-wood-chisel-10mm/
online:en:IE:48093,Easy Gas Enermix 5 10L - Without an Empty Cylinder,https://www.kennyfuels.ie/product/easy-gas-enermix-5-10l/?attribute_cylinder-to-return=Without+an+Empty+Cylinder
online:en:IE:81161,TAL59210 Small Cable Reel 220V 2-Socket 10m,https://www.kennyfuels.ie/product/tal59210-small-cable-reel-220v-2-socket-10m/
online:en:IE:79579,M18 CV-0 Compact Hand Vac 18V Bare Unit,https://www.kennyfuels.ie/product/m18-cv-0-compact-hand-vac-18v-bare-unit/
online:en:IE:79666,8009-HSS Metal Cutting Jigsaw Blades Pack of 5,https://www.kennyfuels.ie/product/8009-hss-metal-cutting-jigsaw-blades-pack-of-5/
online:en:IE:79044,Radiator Hex Key,https://www.kennyfuels.ie/product/radiator-hex-key/
online:en:IE:72771,AdBlue 10L (Nationwide on Barrels & IBC) - 5,https://www.kennyfuels.ie/product/adblue-10l-barrels-ibc/?attribute_quantity=5
online:en:IE:114888,Foran Eazi-Wrap | Vet Wrap Equine Bandage box of 18 - Red,https://www.kennyfuels.ie/product/foran-eazi-wrap/?attribute_box-of-18=Red
online:en:IE:73658,Gastro Prep 4.5kg Equine Products Ireland,https://www.kennyfuels.ie/product/gastro-prep-4-5kg/
online:en:IE:74027,Digging Spade - Long Handle,https://www.kennyfuels.ie/product/digging-spade-long-handle/
online:en:IE:76049,Composite Cladding – Copper/Brown 3.6m,https://www.kennyfuels.ie/product/composite-cladding-copper-brown/
online:en:IE:80113,M18 CV-0 Compact Hand Vac 18V Bare Unit,https://www.kennyfuels.ie/product/m18-cv-0-compact-hand-vac-18v-bare-unit-2/
online:en:IE:78764,Handled Three Square Second Cut File 200mm (8in),https://www.kennyfuels.ie/product/handled-three-square-second-cut-file-200mm-8in/
online:en:IE:65340,Flo Gas 47kg Propane Gas (Delivered) - 1x deposit,https://www.kennyfuels.ie/product/flo-gas-47kg-propane-gas-delivered/?attribute_quantity=1x+deposit
online:en:IE:80121,DHT042525 DEWALT 165MM/6.5IN BILLET TORPEDO LEVEL,https://www.kennyfuels.ie/product/billet-level-165mm-6-5in/
online:en:IE:79134,7R Straight Jaw Locking Pliers 178mm (7in),https://www.kennyfuels.ie/product/7r-straight-jaw-locking-pliers-178mm-7in/
online:en:IE:79577,M18 CS55-0 FUEL Circular Saw 165mm 18V Bare Unit,https://www.kennyfuels.ie/product/m18-cs55-0-fuel-circular-saw-165mm-18v-bare-unit/
online:en:IE:78670,Strike-Cap Flared Screwdriver 6 x 150mm,https://www.kennyfuels.ie/product/strike-cap-flared-screwdriver-6-x-150mm/
online:en:IE:78729,"Metric Short Arm Hexagon Key Set, 8 Piece",https://www.kennyfuels.ie/product/metric-short-arm-hexagon-key-set-8-piece/
online:en:IE:74094,Gastro Sport 4.5kg Equine Products Ireland,https://www.kennyfuels.ie/product/gastro-sport-4-5kg/
online:en:IE:80164,FatMax PRO-STACK Deep Drawer,https://www.kennyfuels.ie/product/fatmax-pro-stack-deep-drawer/
online:en:IE:79997,Carbon Countersink 13mm (1/2in),https://www.kennyfuels.ie/product/carbon-countersink-13mm-1-2in/
online:en:IE:79657,FAIJBT101BR FAITHFULL JIGSAW BLADES (5) LAMINATE/WOOD T101BR,https://www.kennyfuels.ie/product/laminate-wood-jigsaw-blades-pack-of-5/
online:en:IE:51999,Kingspan NSBP006 Klargester Interceptor,https://www.kennyfuels.ie/product/kingspan-nsbp006-klargester-interceptor/
online:en:IE:79234,Gorilla Utility Bar 381mm (15in),https://www.kennyfuels.ie/product/gorilla-utility-bar-381mm-15in/
online:en:IE:78735,Pro Combination Pliers 175mm (7in),https://www.kennyfuels.ie/product/pro-combination-pliers-175mm-7in/
online:en:IE:33536,Q8 Haydn 32 20ltr,https://www.kennyfuels.ie/product/q8-haydn-32-hydraulic-oil-20l/
online:en:IE:79232,Utility Bar 450mm (18in),https://www.kennyfuels.ie/product/utility-bar-450mm-18in/
online:en:IE:80737,DEWDT7500QZ DT7500 Magnetic Bit Holder,https://www.kennyfuels.ie/product/dewdt7500qz-dt7500-magnetic-bit-holder/
online:en:IE:73995,Digging Fork,https://www.kennyfuels.ie/product/digging-fork/
online:en:IE:80070,DHT010990 DEWALT TOUGHSERIES RETRACTABLE KNIFE,https://www.kennyfuels.ie/product/toughseries-heavy-duty-retractable-utility-knife/
online:en:IE:80166,FatMax PRO-STACK 2 Shallow Drawers,https://www.kennyfuels.ie/product/fatmax-pro-stack-2-shallow-drawers/
online:en:IE:44568,Gem Blue Lithium Complex Grease Cartridges,https://www.kennyfuels.ie/product/gem-blue-lithium-complex-grease-cartridges/
online:en:IE:80450,"BAH14730822 200mm (8in) ERGO Engineering File Set, 3 Piece",https://www.kennyfuels.ie/product/bah14730822-200mm-8in-ergo-engineering-file-set-3-piece/
online:en:IE:81146,TAL69032 Bucket Trowel Wooden Handle 7.1/4in,https://www.kennyfuels.ie/product/tal69032-bucket-trowel-wooden-handle-7-1-4in/
online:en:IE:82172,DEWMBL777X1 DEWALT DCMBL777 FlexVolt XR Axial Blower 54V 1 x 3.0Ah Lion,https://www.kennyfuels.ie/product/dewalt-dcmbl777-flexvolt-xr-axial-blower-54v/
online:en:IE:90190,BAHEBS24 SE-15-24 Economy Bowsaw 600mm (24in),https://www.kennyfuels.ie/product/bahebs24-se-15-24-economy-bowsaw-600mm-24in/
online:en:IE:90225,MAKBL1830SD BL1830B 18V 3.0Ah Li-ion Battery (Loose),https://www.kennyfuels.ie/product/makbl1830sd-bl1830b-18v-3-0ah-li-ion-battery-loose/
online:en:IE:65341,Flo Gas 47kg Propane Gas (Delivered) - 2x deposit,https://www.kennyfuels.ie/product/flo-gas-47kg-propane-gas-delivered/?attribute_quantity=2x+deposit
online:en:IE:113255,Equi Strength Elite 2.5L Equine Products Ireland,https://www.kennyfuels.ie/product/equi-strength-elite-horse-muscle-supplement/
online:en:IE:79240,Shoe Handle Wire Brush Soft Grip 255mm (10in),https://www.kennyfuels.ie/product/shoe-handle-wire-brush-soft-grip-255mm-10in/
online:en:IE:79215,Wrecking Bar 610mm (24in),https://www.kennyfuels.ie/product/wrecking-bar-610mm-24in/
online:en:IE:79036,Tap Backnut Spanner 27 x 32mm,https://www.kennyfuels.ie/product/tap-backnut-spanner-27-x-32mm/
online:en:IE:79119,Bi-Material Wood Chisel 19mm,https://www.kennyfuels.ie/product/bi-material-wood-chisel-19mm/
online:en:IE:78799,"Claw Hammer, Steel Shaft 450g (16oz)",https://www.kennyfuels.ie/product/claw-hammer-steel-shaft-450g-16oz/
online:en:IE:81105,DEWDCD796P1 DCD796P1 XR Brushless Combi Drill 18V 1 x 5.0Ah Li-ion,https://www.kennyfuels.ie/product/dewdcd796p1-dcd796p1-xr-brushless-combi-drill-18v-1-x-5-0ah-li-ion/
online:en:IE:90198,BAH808050 BAHCO Ratchet Screwdriver & 6 Bits,https://www.kennyfuels.ie/product/bahco-ratchet-screwdriver-6-bits/
online:en:IE:81149,TAL69218 Line Pins (Card of 2),https://www.kennyfuels.ie/product/tal69218-line-pins-card-of-2/
online:en:IE:80745,FAIWDB30 Lip & Spur Wood Drill Bit 3mm,https://www.kennyfuels.ie/product/faiwdb30-lip-spur-wood-drill-bit-3mm/
online:en:IE:80091,DHT916852 DEWALT WOOD CHISEL 6PC SET,https://www.kennyfuels.ie/product/wood-chisel-set-6-piece/
online:en:IE:33412,1350HB Horizontal Bunded Green,https://www.kennyfuels.ie/product/1350hb-horizontal-bunded-green/
online:en:IE:79626,FAIRB51 FAITHFULL ROUTER BIT TC V GROOVE 13.0MM X 19.1MM,https://www.kennyfuels.ie/product/router-bit-tct-v-groove-13-0mm-x-19-1mm-1-4in-shank/
online:en:IE:74025,"Sharp Edge Round Shovel, Long Handle",https://www.kennyfuels.ie/product/sharp-edge-round-shovel-long-handle/
online:en:IE:80481,DEWDT10301QZ Extreme 2nd Fix Circular Saw Blade 165 x 20mm x 40T,https://www.kennyfuels.ie/product/dewdt10301qz-extreme-2nd-fix-circular-saw-blade-165-x-20mm-x-40t/
online:en:IE:78703,"Metric/Imperial Hex Key Set, 30 Piece",https://www.kennyfuels.ie/product/metric-imperial-hex-key-set-30-piece/
online:en:IE:79609,FAIRB21 Router Bit TCT Single Flute 4.0 x 11mm 1/4in Shank,https://www.kennyfuels.ie/product/router-bit-tct-single-flute-4-0-x-11mm-1-4in-shank/
online:en:IE:79007,"Carpenter's Pencils with Sharpener Kit, 10 Piece",https://www.kennyfuels.ie/product/carpenters-pencils-with-sharpener-kit-10-piece/
online:en:IE:81159,TAL55012 Thin Mason's Line 0.5kg Reel,https://www.kennyfuels.ie/product/tal55012-thin-masons-line-0-5kg-reel/
online:en:IE:79130,9LNC Long Nose Locking Pliers 225mm (9in),https://www.kennyfuels.ie/product/9lnc-long-nose-locking-pliers-225mm-9in/
online:en:IE:80174,FatMax PRO-STACK Quick Access Job Chest,https://www.kennyfuels.ie/product/fatmax-pro-stack-quick-access-job-chest/
online:en:IE:79607,FAIRB210 - Faithfull Router Bit TCT Two Flute 12.7 x 19mm,https://www.kennyfuels.ie/product/router-bit-tct-two-flute-12-7-x-19mm-1-4in-shank/
online:en:IE:80471,EINTEOS18LN Einhell TE-OS 18/150 Li Solo Power X-Change Sander Bare Unit,https://www.kennyfuels.ie/product/einhell-te-os-solo-power-x-change-sander-18v-bare-unit/
online:en:IE:80347,BAHSB111M15 SB111 Combination Spanner 15mm,https://www.kennyfuels.ie/product/bahsb111m15-sb111-combination-spanner-15mm/
online:en:IE:73654,Gastro Prep 10kg Equine Products Ireland,https://www.kennyfuels.ie/product/gastro-prep-10kg/
online:en:IE:79622,FAIRB219 - Faithfull Router Bit TCT Two Flute 9.0 x 19mm,https://www.kennyfuels.ie/product/router-bit-tct-two-flute-9-0-x-19mm-1-4in-shank/
online:en:IE:79855,FAIPLUG12 FAITHFULL PLUG CUTTER NO.12,https://www.kennyfuels.ie/product/plug-cutter-no-12/
online:en:IE:47943,Easy Gas Oxygen 10L - Without an Empty Cylinder,https://www.kennyfuels.ie/product/easy-gas-oxygen-10l/?attribute_cylinder-to-return=Without+an+Empty+Cylinder
online:en:IE:79841,Combination Wood Auger Bit 8 x 200mm,https://www.kennyfuels.ie/product/combination-wood-auger-bit-8-x-200mm/
online:en:IE:84077,Flo Gas 47kg Propane Gas (Delivered) - 2x deposit if no empties,https://www.kennyfuels.ie/product/flo-gas-47kg-propane-gas-delivered/?attribute_quantity=2x+deposit+if+no+empties
online:en:IE:74118,"Sharp-Edge Drainage Shovel, Long Handle",https://www.kennyfuels.ie/product/sharp-edge-drainage-shovel-long-handle/
online:en:IE:80832,DEWLANDER9 Boa Lightweight Boots Stone UK 9 EUR 43,https://www.kennyfuels.ie/product/dewlander9-boa-lightweight-boots-stone-uk-9-eur-43/
online:en:IE:80491,DEWDT10640QZ ELITE Series Framing Circular Saw Blade 165 x 20mm x 40T,https://www.kennyfuels.ie/product/dewdt10640qz-elite-series-framing-circular-saw-blade-165-x-20mm-x-40t/
online:en:IE:65342,Flo Gas 47kg Propane Gas (Delivered) - 3x deposit,https://www.kennyfuels.ie/product/flo-gas-47kg-propane-gas-delivered/?attribute_quantity=3x+deposit
online:en:IE:79603,FAIRB22- Faithfull Router Bit TCT Two Flute 5.0 x 16mm,https://www.kennyfuels.ie/product/router-bit-tct-two-flute-5-0-x-16mm-1-4in-shank/
online:en:IE:80123,DHT0TR510 DEWALT 5 IN 1 MULTI TACKER,https://www.kennyfuels.ie/product/5-in-1-multi-tacker/
online:en:IE:80115,DHT074431 DEWALT V-JAW PUSH LOCK PLIERS 250MM,https://www.kennyfuels.ie/product/v-jaw-push-lock-pliers-250mm/
online:en:IE:79015,Tie Down Strap 8m,https://www.kennyfuels.ie/product/tie-down-strap-8m/
online:en:IE:63126,FloGas 19kg Propane Gas Cylinder (Delivered) - With an empty cylinder,https://www.kennyfuels.ie/product/flogas-19kg-propane-gas-cylinder-delivered/?attribute_cylinder-to-return=With+an+empty+cylinder
online:en:IE:80162,FatMax PRO-STACK Organiser,https://www.kennyfuels.ie/product/fatmax-pro-stack-organiser/
online:en:IE:81153,TAL69995 Professional Polyurethane Float 280 x 115mm (11 x 4.1/2in),https://www.kennyfuels.ie/product/tal69995-professional-polyurethane-float-280-x-115mm-11-x-4-1-2in/
online:en:IE:80834,DEWLANDER11 Boa Lightweight Boots Stone UK 11 EUR 46,https://www.kennyfuels.ie/product/dewlander11-boa-lightweight-boots-stone-uk-11-eur-46/
online:en:IE:78798,G Clamp 200mm (8in),https://www.kennyfuels.ie/product/g-clamp-200mm-8in/
online:en:IE:79920,HCS Hinge Boring Bit 26mm x 60mm,https://www.kennyfuels.ie/product/hcs-hinge-boring-bit-26mm-x-60mm/
online:en:IE:79200,Quick-Change Medium-Duty Bar Clamp 450mm (18in),https://www.kennyfuels.ie/product/quick-change-medium-duty-bar-clamp-450mm-18in/
online:en:IE:80160,FatMax PRO-STACK Shallow Box,https://www.kennyfuels.ie/product/fatmax-pro-stack-shallow-box/
online:en:IE:79994,FAIHBB35HCS Faithfull HCS Hinge Boring Bit 35mm x 60mm,https://www.kennyfuels.ie/product/hcs-hinge-boring-bit-35mm-x-60mm/
online:en:IE:69163,6000V Vertical Tank Superblack Potable,https://www.kennyfuels.ie/product/6000v-vertical-tank-superblack-potable/
online:en:IE:79632,FAIRB212 - Faithfull Router Bit TCT Two Flute 12.7 x 63mm,https://www.kennyfuels.ie/product/router-bit-tct-two-flute-12-7-x-63mm-1-2in-shank/
online:en:IE:79239,Professional Bolt Cutters 750mm (30in),https://www.kennyfuels.ie/product/professional-bolt-cutters-750mm-30in/
online:en:IE:84073,Flo Gas 47kg Propane Gas (Delivered) - 1x full cylinder,https://www.kennyfuels.ie/product/flo-gas-47kg-propane-gas-delivered/?attribute_quantity=1x+full+cylinder
online:en:IE:79216,Wrecking Bar 914mm (36in),https://www.kennyfuels.ie/product/wrecking-bar-914mm-36in/
online:en:IE:79663,FAIJBT111C FAITHFULL JIGSAW BLADES (5) WOOD T111C,https://www.kennyfuels.ie/product/wood-jigsaw-blades-pack-of-5-3/
online:en:IE:80577,DEWDT20560QZ DT20560 Impact Rated PVC Pipe Cutter,https://www.kennyfuels.ie/product/dewdt20560qz-dt20560-impact-rated-pvc-pipe-cutter/
online:en:IE:79009,London Pattern Brick Trowel 11in,https://www.kennyfuels.ie/product/london-pattern-brick-trowel-11in/
online:en:IE:78676,"Metric, Imperial & TORX Folding Hexagonal Key Set, 25 Piece",https://www.kennyfuels.ie/product/metric-imperial-torx-folding-hexagonal-key-set-25-piece/
online:en:IE:69159,3000V Vertical Tank Superblack Potable,https://www.kennyfuels.ie/product/3000v-vertical-tank-superblack-potable/
online:en:IE:79219,Mini Utility Bar 175mm (7in),https://www.kennyfuels.ie/product/mini-utility-bar-175mm-7in/
online:en:IE:80079,DHT010123 DEWALT FOLDING JABSAW AND RASP,https://www.kennyfuels.ie/product/folding-jab-saw-with-rasp/
online:en:IE:90274,STA998985 Tylon Pocket Tapes 5m/16ft + 8m/26ft (Twin Pack),https://www.kennyfuels.ie/product/sta998985-tylon-pocket-tapes-5m-16ft-8m-26ft-twin-pack/
online:en:IE:79866,"Screwsink Set, 4 Piece",https://www.kennyfuels.ie/product/screwsink-set-4-piece/
online:en:IE:79217,"Gorilla Bar Set, 3 Piece",https://www.kennyfuels.ie/product/gorilla-bar-set-3-piece/
online:en:IE:80351,BAHSB111M27 SB111 Combination Spanner 27mm,https://www.kennyfuels.ie/product/bahsb111m27-sb111-combination-spanner-27mm/
online:en:IE:73671,Biotin + 1kg Equine Products Ireland,https://www.kennyfuels.ie/product/biotin-1kg-hoof-care-supplement/
online:en:IE:79106,691 Aluminium Level 90cm,https://www.kennyfuels.ie/product/691-aluminium-level-90cm/
online:en:IE:81132,TAL69381 Plastering Trowel 14 x 4.3/4in,https://www.kennyfuels.ie/product/tal69381-plastering-trowel-14-x-4-3-4in/
online:en:IE:74037,Square Shovel,https://www.kennyfuels.ie/product/square-shovel/
online:en:IE:33339,IBC Hose Kit 4M (AdBlue),https://www.kennyfuels.ie/product/hose-kit-4m/
online:en:IE:48135,Easy Gas Argon 20L - Without an Empty Cylinder,https://www.kennyfuels.ie/product/easy-gas-argon-20l/?attribute_cylinder-to-return=Without+an+Empty+Cylinder
online:en:IE:79672,FAIJBT119B FAITHFULL JIGSAW BLADES (5) WOOD T119B,https://www.kennyfuels.ie/product/wood-jigsaw-blades-pack-of-5-4/
online:en:IE:80477,EINPXBAT4X2 Einhell Power X-Change Li-ion Batteries Twin Pack 18V 4.0Ah,https://www.kennyfuels.ie/product/einhell-power-x-change-battery-twin-pack-18v-4ah/
online:en:IE:78999,Auto Lock Tape 8m/26ft,https://www.kennyfuels.ie/product/auto-lock-tape-8m-26ft/
online:en:IE:113363,"48"" Supersafe Pigtail 1.22m Propane",https://www.kennyfuels.ie/product/48-supersafe-propane-pigtail-1-22m/
online:en:IE:69146,1100R Rectangular 'R' Tank Superblack Potable,https://www.kennyfuels.ie/product/1100r-rectangular-r-tank-superblack-potable/
online:en:IE:33351,Castrol Vecton 15w/40 208 LTR,https://www.kennyfuels.ie/product/castrol-vecton-15w-40-208-ltr/
online:en:IE:80125,DHT014673 DEWALT ERGO AVIATION SNIP - LEFT,https://www.kennyfuels.ie/product/left-cut-ergo-aviation-snips/
online:en:IE:80467,EINTEAG18BN Einhell TE-AG 18/115 Li Power X-Change Angle Grinder Bare Unit,https://www.kennyfuels.ie/product/einhell-te-ag-18-115-li-power-x-change-grinder-bare-unit/
online:en:IE:79613,FAIRB25 - Faithfull Router Bit TCT Two Flute 11.0 x 25mm,https://www.kennyfuels.ie/product/router-bit-tct-two-flute-11-0-x-25mm-1-4in-shank/
online:en:IE:79856,FAIPLUG13MM FAITHFULL PLUG CUTTER 13MM,https://www.kennyfuels.ie/product/plug-cutter-13mm/
online:en:IE:78693,Impact Screwdriver Bits TX30 x 25mm (Pack 2),https://www.kennyfuels.ie/product/impact-screwdriver-bits-tx30-x-25mm-pack-2/
online:en:IE:47914,Cemcor Cement 25KG Bags - 40,https://www.kennyfuels.ie/product/obrien-cement-25kg/?attribute_quantity=40
online:en:IE:80594,DEWDT2207QZ XPC HCS Wood Jigsaw Blades Pack of 5 T101BR,https://www.kennyfuels.ie/product/dewdt2207qz-xpc-hcs-wood-jigsaw-blades-pack-of-5-t101br/
online:en:IE:80072,DHT010998 DEWALT RETRACTABLE BLADE UTILITY KNIFE,https://www.kennyfuels.ie/product/retractable-utility-knife/
online:en:IE:80109,M18 BSX-0 Heavy-Duty SAWZALL 18V Bare Unit,https://www.kennyfuels.ie/product/m18-bsx-0-heavy-duty-sawzall-18v-bare-unit-2/
online:en:IE:45225,6 Bag Plastic Coal Storage Bunker,https://www.kennyfuels.ie/product/6-bag-plastic-coal-storage-bunker/
online:en:IE:45334,Calcium 00 Grease,https://www.kennyfuels.ie/product/calcium-00-grease/
online:en:IE:90316,DEWDWE315KT DWE315KT Multi-Tool Quick Change Kit & TSTAK 300W 240V,https://www.kennyfuels.ie/product/dewdwe315kt-dwe315kt-multi-tool-quick-change-kit-tstak-300w-240v/
online:en:IE:80007,High Speed Steel Countersink 16mm (5/8in),https://www.kennyfuels.ie/product/high-speed-steel-countersink-16mm-5-8in/
online:en:IE:79711,FAITPA22 - Faithfull Tri-Point Speed Auger Bit 22mm,https://www.kennyfuels.ie/product/tri-point-speed-auger-bit-22mm/
online:en:IE:80829,SCAFWDESVI11 Desert Viper S3 Safety Boots UK 11 EUR 46,https://www.kennyfuels.ie/product/scafwdesvi11-desert-viper-s3-safety-boots-uk-11-eur-46/
online:en:IE:80573,DEWDT20500QZ DT20500 Impact Modular Right Angle Attachment,https://www.kennyfuels.ie/product/dewdt20500qz-dt20500-impact-modular-right-angle-attachment/
online:en:IE:81097,FAIZ21648Z TCT Circular Saw Blade Zero Degree 216 x 30mm x 48T,https://www.kennyfuels.ie/product/faiz21648z-tct-circular-saw-blade-zero-degree-216-x-30mm-x-48t/
online:en:IE:79185,Long Nose Pliers 200mm (8in),https://www.kennyfuels.ie/product/long-nose-pliers-200mm-8in/
online:en:IE:114883,Foran Friska Foal 250ml & 500ml - 250ml,https://www.kennyfuels.ie/product/friska-foal-foran/?attribute_volume=250ml
online:en:IE:63391,Plusvital Neutragast Pellets 4.5kg,https://www.kennyfuels.ie/product/plusvital-neutragast-pellets-4-5kg/
online:en:IE:47944,Easy Gas Oxygen 10L - With an Empty Cylinder,https://www.kennyfuels.ie/product/easy-gas-oxygen-10l/?attribute_cylinder-to-return=With+an+Empty+Cylinder
online:en:IE:78668,Strike-Cap Flared Screwdriver 4 x 100mm,https://www.kennyfuels.ie/product/strike-cap-flared-screwdriver-4-x-100mm/
